http://mouse.owl#MA_0002401,http://human.owl#NCI_C52561,1.0,=
http://mouse.owl#MA_0000270,http://human.owl#NCI_C33736,1.0,=
http://mouse.owl#MA_0001951,http://human.owl#NCI_C12715,1.0,=
http://mouse.owl#MA_0002303,http://human.owl#NCI_C52701,1.0,=
http://mouse.owl#MA_0001543,http://human.owl#NCI_C12385,1.0,=
http://mouse.owl#MA_0000243,http://human.owl#NCI_C32335,1.0,=
http://mouse.owl#MA_0000763,http://human.owl#NCI_C33596,1.0,=
http://mouse.owl#MA_0001412,http://human.owl#NCI_C52767,1.0,=
http://mouse.owl#MA_0000033,http://human.owl#NCI_C32141,1.0,=
http://mouse.owl#MA_0002415,http://human.owl#NCI_C32546,1.0,=
http://mouse.owl#MA_0000951,http://human.owl#NCI_C32247,1.0,=
http://mouse.owl#MA_0001114,http://human.owl#NCI_C32136,1.0,=
http://mouse.owl#MA_0000411,http://human.owl#NCI_C12412,1.0,=
http://mouse.owl#MA_0000280,http://human.owl#NCI_C12784,1.0,=
http://mouse.owl#MA_0001263,http://human.owl#NCI_C49580,1.0,=
http://mouse.owl#MA_0002067,http://human.owl#NCI_C12824,1.0,=
http://mouse.owl#MA_0000208,http://human.owl#NCI_C32135,1.0,=
http://mouse.owl#MA_0001216,http://human.owl#NCI_C33051,1.0,=
http://mouse.owl#MA_0001113,http://human.owl#NCI_C12348,1.0,=
http://mouse.owl#MA_0002332,http://human.owl#NCI_C32984,1.0,=
http://mouse.owl#MA_0000304,http://human.owl#NCI_C33317,1.0,=
http://mouse.owl#MA_0000674,http://human.owl#NCI_C52749,1.0,=
http://mouse.owl#MA_0000337,http://human.owl#NCI_C12386,1.0,=
http://mouse.owl#MA_0000643,http://human.owl#NCI_C13068,1.0,=
http://mouse.owl#MA_0002308,http://human.owl#NCI_C52930,1.0,=
http://mouse.owl#MA_0002373,http://human.owl#NCI_C52991,1.0,=
http://mouse.owl#MA_0001494,http://human.owl#NCI_C33157,1.0,=
http://mouse.owl#MA_0000355,http://human.owl#NCI_C32421,1.0,=
http://mouse.owl#MA_0002208,http://human.owl#NCI_C48947,1.0,=
http://mouse.owl#MA_0001296,http://human.owl#NCI_C12346,1.0,=
http://mouse.owl#MA_0000358,http://human.owl#NCI_C12392,1.0,=
http://mouse.owl#MA_0000694,http://human.owl#NCI_C53276,1.0,=
http://mouse.owl#MA_0001281,http://human.owl#NCI_C33068,1.0,=
http://mouse.owl#MA_0001913,http://human.owl#NCI_C52848,1.0,=
http://mouse.owl#MA_0000960,http://human.owl#NCI_C33648,1.0,=
http://mouse.owl#MA_0001312,http://human.owl#NCI_C32809,1.0,=
http://mouse.owl#MA_0000023,http://human.owl#NCI_C12419,1.0,=
http://mouse.owl#MA_0001843,http://human.owl#NCI_C32968,1.0,=
http://mouse.owl#MA_0000075,http://human.owl#NCI_C12868,1.0,=
http://mouse.owl#MA_0002482,http://human.owl#NCI_C12347,1.0,=
http://mouse.owl#MA_0001173,http://human.owl#NCI_C52809,1.0,=
http://mouse.owl#MA_0000708,http://human.owl#NCI_C49195,1.0,=
http://mouse.owl#MA_0000113,http://human.owl#NCI_C13046,1.0,=
http://mouse.owl#MA_0000381,http://human.owl#NCI_C12402,1.0,=
http://mouse.owl#MA_0002564,http://human.owl#NCI_C12712,1.0,=
http://mouse.owl#MA_0000984,http://human.owl#NCI_C49230,1.0,=
http://mouse.owl#MA_0000110,http://human.owl#NCI_C49571,1.0,=
http://mouse.owl#MA_0001626,http://human.owl#NCI_C32662,1.0,=
http://mouse.owl#MA_0002702,http://human.owl#NCI_C32576,1.0,=
http://mouse.owl#MA_0000073,http://human.owl#NCI_C12728,1.0,=
http://mouse.owl#MA_0001507,http://human.owl#NCI_C33615,1.0,=
http://mouse.owl#MA_0000426,http://human.owl#NCI_C33483,1.0,=
http://mouse.owl#MA_0001988,http://human.owl#NCI_C52948,1.0,=
http://mouse.owl#MA_0001495,http://human.owl#NCI_C52745,1.0,=
http://mouse.owl#MA_0002362,http://human.owl#NCI_C33440,1.0,=
http://mouse.owl#MA_0002637,http://human.owl#NCI_C32591,1.0,=
http://mouse.owl#MA_0002179,http://human.owl#NCI_C33687,1.0,=
http://mouse.owl#MA_0002678,http://human.owl#NCI_C32604,1.0,=
http://mouse.owl#MA_0002066,http://human.owl#NCI_C53020,1.0,=
http://mouse.owl#MA_0001351,http://human.owl#NCI_C32156,1.0,=
http://mouse.owl#MA_0002356,http://human.owl#NCI_C53171,1.0,=
http://mouse.owl#MA_0000719,http://human.owl#NCI_C49325,1.0,=
http://mouse.owl#MA_0001978,http://human.owl#NCI_C52861,1.0,=
http://mouse.owl#MA_0002584,http://human.owl#NCI_C32826,1.0,=
http://mouse.owl#MA_0001246,http://human.owl#NCI_C32454,1.0,=
http://mouse.owl#MA_0002502,http://human.owl#NCI_C13325,1.0,=
http://mouse.owl#MA_0002465,http://human.owl#NCI_C32750,1.0,=
http://mouse.owl#MA_0002141,http://human.owl#NCI_C53047,1.0,=
http://mouse.owl#MA_0002660,http://human.owl#NCI_C32356,1.0,=
http://mouse.owl#MA_0001374,http://human.owl#NCI_C33282,1.0,=
http://mouse.owl#MA_0000161,http://human.owl#NCI_C32706,1.0,=
http://mouse.owl#MA_0000371,http://human.owl#NCI_C32344,1.0,=
http://mouse.owl#MA_0001355,http://human.owl#NCI_C32414,1.0,=
http://mouse.owl#MA_0002167,http://human.owl#NCI_C53051,1.0,=
http://mouse.owl#MA_0001554,http://human.owl#NCI_C49297,1.0,=
http://mouse.owl#MA_0002552,http://human.owl#NCI_C13257,1.0,=
http://mouse.owl#MA_0000067,http://human.owl#NCI_C12814,1.0,=
http://mouse.owl#MA_0002509,http://human.owl#NCI_C13234,1.0,=
http://mouse.owl#MA_0002515,http://human.owl#NCI_C32875,1.0,=
http://mouse.owl#MA_0001582,http://human.owl#NCI_C32509,1.0,=
http://mouse.owl#MA_0001839,http://human.owl#NCI_C32231,1.0,=
http://mouse.owl#MA_0002331,http://human.owl#NCI_C33150,1.0,=
http://mouse.owl#MA_0001087,http://human.owl#NCI_C12665,1.0,=
http://mouse.owl#MA_0001221,http://human.owl#NCI_C33748,1.0,=
http://mouse.owl#MA_0001468,http://human.owl#NCI_C12757,1.0,=
http://mouse.owl#MA_0000726,http://human.owl#NCI_C33782,1.0,=
http://mouse.owl#MA_0002002,http://human.owl#NCI_C52973,1.0,=
http://mouse.owl#MA_0002294,http://human.owl#NCI_C52917,1.0,=
http://mouse.owl#MA_0001233,http://human.owl#NCI_C49481,1.0,=
http://mouse.owl#MA_0001203,http://human.owl#NCI_C33046,1.0,=
http://mouse.owl#MA_0002299,http://human.owl#NCI_C52921,1.0,=
http://mouse.owl#MA_0000305,http://human.owl#NCI_C25774,1.0,=
http://mouse.owl#MA_0002358,http://human.owl#NCI_C33420,1.0,=
http://mouse.owl#MA_0000235,http://human.owl#NCI_C49601,1.0,=
http://mouse.owl#MA_0000354,http://human.owl#NCI_C12376,1.0,=
http://mouse.owl#MA_0002647,http://human.owl#NCI_C33091,1.0,=
http://mouse.owl#MA_0002497,http://human.owl#NCI_C33309,1.0,=
http://mouse.owl#MA_0000062,http://human.owl#NCI_C12669,1.0,=
http://mouse.owl#MA_0000064,http://human.owl#NCI_C12372,1.0,=
http://mouse.owl#MA_0000751,http://human.owl#NCI_C49260,1.0,=
http://mouse.owl#MA_0001315,http://human.owl#NCI_C33236,1.0,=
http://mouse.owl#MA_0002155,http://human.owl#NCI_C32094,1.0,=
http://mouse.owl#MA_0002009,http://human.owl#NCI_C33194,1.0,=
http://mouse.owl#MA_0002360,http://human.owl#NCI_C32570,1.0,=
http://mouse.owl#MA_0002570,http://human.owl#NCI_C32150,1.0,=
http://mouse.owl#MA_0001435,http://human.owl#NCI_C33499,1.0,=
http://mouse.owl#MA_0000331,http://human.owl#NCI_C43362,1.0,=
http://mouse.owl#MA_0000335,http://human.owl#NCI_C12382,1.0,=
http://mouse.owl#MA_0000847,http://human.owl#NCI_C52711,1.0,=
http://mouse.owl#MA_0002748,http://human.owl#NCI_C13082,1.0,=
http://mouse.owl#MA_0000895,http://human.owl#NCI_C12452,1.0,=
http://mouse.owl#MA_0001416,http://human.owl#NCI_C52728,1.0,=
http://mouse.owl#MA_0002198,http://human.owl#NCI_C33343,1.0,=
http://mouse.owl#MA_0002270,http://human.owl#NCI_C53147,1.0,=
http://mouse.owl#MA_0000316,http://human.owl#NCI_C12789,1.0,=
http://mouse.owl#MA_0000874,http://human.owl#NCI_C33260,1.0,=
http://mouse.owl#MA_0002339,http://human.owl#NCI_C53169,1.0,=
http://mouse.owl#MA_0001936,http://human.owl#NCI_C52850,1.0,=
http://mouse.owl#MA_0001048,http://human.owl#NCI_C33069,1.0,=
http://mouse.owl#MA_0000408,http://human.owl#NCI_C12409,1.0,=
http://mouse.owl#MA_0001588,http://human.owl#NCI_C12234,1.0,=
http://mouse.owl#MA_0001778,http://human.owl#NCI_C49252,1.0,=
http://mouse.owl#MA_0000765,http://human.owl#NCI_C33294,1.0,=
http://mouse.owl#MA_0000412,http://human.owl#NCI_C13047,1.0,=
http://mouse.owl#MA_0001306,http://human.owl#NCI_C26464,1.0,=
http://mouse.owl#MA_0000776,http://human.owl#NCI_C49788,1.0,=
http://mouse.owl#MA_0000394,http://human.owl#NCI_C12407,1.0,=
http://mouse.owl#MA_0000944,http://human.owl#NCI_C49333,1.0,=
http://mouse.owl#MA_0001459,http://human.owl#NCI_C12366,1.0,=
http://mouse.owl#MA_0002341,http://human.owl#NCI_C52959,1.0,=
http://mouse.owl#MA_0002012,http://human.owl#NCI_C33242,1.0,=
http://mouse.owl#MA_0000418,http://human.owl#NCI_C32057,1.0,=
http://mouse.owl#MA_0000260,http://human.owl#NCI_C12498,1.0,=
http://mouse.owl#MA_0000962,http://human.owl#NCI_C49248,1.0,=
http://mouse.owl#MA_0001343,http://human.owl#NCI_C12860,1.0,=
http://mouse.owl#MA_0000093,http://human.owl#NCI_C12870,1.0,=
http://mouse.owl#MA_0000702,http://human.owl#NCI_C49191,1.0,=
http://mouse.owl#MA_0001991,http://human.owl#NCI_C33597,1.0,=
http://mouse.owl#MA_0002145,http://human.owl#NCI_C32847,1.0,=
http://mouse.owl#MA_0002402,http://human.owl#NCI_C53073,1.0,=
http://mouse.owl#MA_0000274,http://human.owl#NCI_C32905,1.0,=
http://mouse.owl#MA_0001683,http://human.owl#NCI_C34005,1.0,=
http://mouse.owl#MA_0000375,http://human.owl#NCI_C13048,1.0,=
http://mouse.owl#MA_0000086,http://human.owl#NCI_C12729,1.0,=
http://mouse.owl#MA_0000762,http://human.owl#NCI_C12993,1.0,=
http://mouse.owl#MA_0001654,http://human.owl#NCI_C12886,1.0,=
http://mouse.owl#MA_0001199,http://human.owl#NCI_C33740,1.0,=
http://mouse.owl#MA_0001944,http://human.owl#NCI_C52980,1.0,=
http://mouse.owl#MA_0000811,http://human.owl#NCI_C49346,1.0,=
http://mouse.owl#MA_0002464,http://human.owl#NCI_C52559,1.0,=
http://mouse.owl#MA_0001320,http://human.owl#NCI_C33178,1.0,=
http://mouse.owl#MA_0001393,http://human.owl#NCI_C52773,1.0,=
http://mouse.owl#MA_0001484,http://human.owl#NCI_C32752,1.0,=
http://mouse.owl#MA_0001181,http://human.owl#NCI_C52805,1.0,=
http://mouse.owl#MA_0002365,http://human.owl#NCI_C53175,1.0,=
http://mouse.owl#MA_0001754,http://human.owl#NCI_C49245,1.0,=
http://mouse.owl#MA_0002534,http://human.owl#NCI_C13273,1.0,=
http://mouse.owl#MA_0002351,http://human.owl#NCI_C53170,1.0,=
http://mouse.owl#MA_0001351,http://human.owl#NCI_C52799,1.0,=
http://mouse.owl#MA_0002083,http://human.owl#NCI_C53027,1.0,=
http://mouse.owl#MA_0000824,http://human.owl#NCI_C42079,1.0,=
http://mouse.owl#MA_0001256,http://human.owl#NCI_C52718,1.0,=
http://mouse.owl#MA_0001886,http://human.owl#NCI_C49225,1.0,=
http://mouse.owl#MA_0001918,http://human.owl#NCI_C52849,1.0,=
http://mouse.owl#MA_0001431,http://human.owl#NCI_C32902,1.0,=
http://mouse.owl#MA_0001417,http://human.owl#NCI_C52729,1.0,=
http://mouse.owl#MA_0000262,http://human.owl#NCI_C12667,1.0,=
http://mouse.owl#MA_0002355,http://human.owl#NCI_C33285,1.0,=
http://mouse.owl#MA_0000308,http://human.owl#NCI_C32172,1.0,=
http://mouse.owl#MA_0000194,http://human.owl#NCI_C28401,1.0,=
http://mouse.owl#MA_0002698,http://human.owl#NCI_C33649,1.0,=
http://mouse.owl#MA_0002349,http://human.owl#NCI_C52972,1.0,=
http://mouse.owl#MA_0002545,http://human.owl#NCI_C13283,1.0,=
http://mouse.owl#MA_0002190,http://human.owl#NCI_C53060,1.0,=
http://mouse.owl#MA_0000373,http://human.owl#NCI_C12740,1.0,=
http://mouse.owl#MA_0002274,http://human.owl#NCI_C52892,1.0,=
http://mouse.owl#MA_0000246,http://human.owl#NCI_C33503,1.0,=
http://mouse.owl#MA_0002560,http://human.owl#NCI_C12260,1.0,=
http://mouse.owl#MA_0001342,http://human.owl#NCI_C12856,1.0,=
http://mouse.owl#MA_0001920,http://human.owl#NCI_C12676,1.0,=
http://mouse.owl#MA_0000378,http://human.owl#NCI_C12416,1.0,=
http://mouse.owl#MA_0000010,http://human.owl#NCI_C12686,1.0,=
http://mouse.owl#MA_0002291,http://human.owl#NCI_C52913,1.0,=
http://mouse.owl#MA_0000749,http://human.owl#NCI_C33030,1.0,=
http://mouse.owl#MA_0002682,http://human.owl#NCI_C32540,1.0,=
http://mouse.owl#MA_0000587,http://human.owl#NCI_C33163,1.0,=
http://mouse.owl#MA_0002223,http://human.owl#NCI_C53128,1.0,=
http://mouse.owl#MA_0002116,http://human.owl#NCI_C52687,1.0,=
http://mouse.owl#MA_0002491,http://human.owl#NCI_C12336,1.0,=
http://mouse.owl#MA_0001546,http://human.owl#NCI_C32929,1.0,=
http://mouse.owl#MA_0002266,http://human.owl#NCI_C52888,1.0,=
http://mouse.owl#MA_0000413,http://human.owl#NCI_C12813,1.0,=
http://mouse.owl#MA_0002217,http://human.owl#NCI_C33546,1.0,=
http://mouse.owl#MA_0002156,http://human.owl#NCI_C32562,1.0,=
http://mouse.owl#MA_0000171,http://human.owl#NCI_C12456,1.0,=
http://mouse.owl#MA_0002516,http://human.owl#NCI_C13270,1.0,=
http://mouse.owl#MA_0001167,http://human.owl#NCI_C52816,1.0,=
http://mouse.owl#MA_0002726,http://human.owl#NCI_C12324,1.0,=
http://mouse.owl#MA_0001675,http://human.owl#NCI_C33006,1.0,=
http://mouse.owl#MA_0001052,http://human.owl#NCI_C13067,1.0,=
http://mouse.owl#MA_0002005,http://human.owl#NCI_C33685,1.0,=
http://mouse.owl#MA_0002144,http://human.owl#NCI_C32560,1.0,=
http://mouse.owl#MA_0002228,http://human.owl#NCI_C33707,1.0,=
http://mouse.owl#MA_0000801,http://human.owl#NCI_C33631,1.0,=
http://mouse.owl#MA_0000350,http://human.owl#NCI_C33136,1.0,=
http://mouse.owl#MA_0001860,http://human.owl#NCI_C49307,1.0,=
http://mouse.owl#MA_0001424,http://human.owl#NCI_C32242,1.0,=
http://mouse.owl#MA_0002297,http://human.owl#NCI_C53155,1.0,=
http://mouse.owl#MA_0000190,http://human.owl#NCI_C32452,1.0,=
http://mouse.owl#MA_0000305,http://human.owl#NCI_C52772,1.0,=
http://mouse.owl#MA_0000473,http://human.owl#NCI_C33645,1.0,=
http://mouse.owl#MA_0002338,http://human.owl#NCI_C52954,1.0,=
http://mouse.owl#MA_0001434,http://human.owl#NCI_C33498,1.0,=
http://mouse.owl#MA_0002357,http://human.owl#NCI_C53174,1.0,=
http://mouse.owl#MA_0001028,http://human.owl#NCI_C12807,1.0,=
http://mouse.owl#MA_0002381,http://human.owl#NCI_C53038,1.0,=
http://mouse.owl#MA_0001265,http://human.owl#NCI_C12901,1.0,=
http://mouse.owl#MA_0000349,http://human.owl#NCI_C32769,1.0,=
http://mouse.owl#MA_0002013,http://human.owl#NCI_C52992,1.0,=
http://mouse.owl#MA_0001679,http://human.owl#NCI_C32456,1.0,=
http://mouse.owl#MA_0002268,http://human.owl#NCI_C52890,1.0,=
http://mouse.owl#MA_0000024,http://human.owl#NCI_C13063,1.0,=
http://mouse.owl#MA_0000070,http://human.owl#NCI_C12877,1.0,=
http://mouse.owl#MA_0000342,http://human.owl#NCI_C32677,1.0,=
http://mouse.owl#MA_0000183,http://human.owl#NCI_C12512,1.0,=
http://mouse.owl#MA_0001780,http://human.owl#NCI_C49255,1.0,=
http://mouse.owl#MA_0002043,http://human.owl#NCI_C33587,1.0,=
http://mouse.owl#MA_0000238,http://human.owl#NCI_C33227,1.0,=
http://mouse.owl#MA_0000122,http://human.owl#NCI_C12269,1.0,=
http://mouse.owl#MA_0002517,http://human.owl#NCI_C33255,1.0,=
http://mouse.owl#MA_0002337,http://human.owl#NCI_C53167,1.0,=
http://mouse.owl#MA_0001972,http://human.owl#NCI_C32357,1.0,=
http://mouse.owl#MA_0001395,http://human.owl#NCI_C12862,1.0,=
http://mouse.owl#MA_0002574,http://human.owl#NCI_C12825,1.0,=
http://mouse.owl#MA_0000395,http://human.owl#NCI_C12408,1.0,=
http://mouse.owl#MA_0000134,http://human.owl#NCI_C12431,1.0,=
http://mouse.owl#MA_0001369,http://human.owl#NCI_C52791,1.0,=
http://mouse.owl#MA_0001738,http://human.owl#NCI_C52726,1.0,=
http://mouse.owl#MA_0002131,http://human.owl#NCI_C12879,1.0,=
http://mouse.owl#MA_0001116,http://human.owl#NCI_C33321,1.0,=
http://mouse.owl#MA_0001945,http://human.owl#NCI_C52983,1.0,=
http://mouse.owl#MA_0000889,http://human.owl#NCI_C12449,1.0,=
http://mouse.owl#MA_0000715,http://human.owl#NCI_C49321,1.0,=
http://mouse.owl#MA_0000800,http://human.owl#NCI_C33630,1.0,=
http://mouse.owl#MA_0000329,http://human.owl#NCI_C32069,1.0,=
http://mouse.owl#MA_0002382,http://human.owl#NCI_C53177,1.0,=
http://mouse.owl#MA_0000083,http://human.owl#NCI_C49485,1.0,=
http://mouse.owl#MA_0000735,http://human.owl#NCI_C12904,1.0,=
http://mouse.owl#MA_0001632,http://human.owl#NCI_C49227,1.0,=
http://mouse.owl#MA_0002440,http://human.owl#NCI_C12437,1.0,=
http://mouse.owl#MA_0002430,http://human.owl#NCI_C49217,1.0,=
http://mouse.owl#MA_0000257,http://human.owl#NCI_C12502,1.0,=
http://mouse.owl#MA_0000032,http://human.owl#NCI_C12905,1.0,=
http://mouse.owl#MA_0001367,http://human.owl#NCI_C52793,1.0,=
http://mouse.owl#MA_0002148,http://human.owl#NCI_C32854,1.0,=
http://mouse.owl#MA_0001298,http://human.owl#NCI_C32909,1.0,=
http://mouse.owl#MA_0000211,http://human.owl#NCI_C12460,1.0,=
http://mouse.owl#MA_0000945,http://human.owl#NCI_C49347,1.0,=
http://mouse.owl#MA_0000753,http://human.owl#NCI_C33598,1.0,=
http://mouse.owl#MA_0001461,http://human.owl#NCI_C52714,1.0,=
http://mouse.owl#MA_0000481,http://human.owl#NCI_C12816,1.0,=
http://mouse.owl#MA_0001338,http://human.owl#NCI_C33423,1.0,=
http://mouse.owl#MA_0001363,http://human.owl#NCI_C52723,1.0,=
http://mouse.owl#MA_0001537,http://human.owl#NCI_C49241,1.0,=
http://mouse.owl#MA_0000429,http://human.owl#NCI_C33023,1.0,=
http://mouse.owl#MA_0002371,http://human.owl#NCI_C52987,1.0,=
http://mouse.owl#MA_0001140,http://human.owl#NCI_C52831,1.0,=
http://mouse.owl#MA_0002437,http://human.owl#NCI_C12435,1.0,=
http://mouse.owl#MA_0002747,http://human.owl#NCI_C32289,1.0,=
http://mouse.owl#MA_0000041,http://human.owl#NCI_C32608,1.0,=
http://mouse.owl#MA_0001981,http://human.owl#NCI_C32821,1.0,=
http://mouse.owl#MA_0001362,http://human.owl#NCI_C52722,1.0,=
http://mouse.owl#MA_0000007,http://human.owl#NCI_C30140,1.0,=
http://mouse.owl#MA_0000638,http://human.owl#NCI_C52752,1.0,=
http://mouse.owl#MA_0000199,http://human.owl#NCI_C49216,1.0,=
http://mouse.owl#MA_0000396,http://human.owl#NCI_C12722,1.0,=
http://mouse.owl#MA_0001593,http://human.owl#NCI_C33258,1.0,=
http://mouse.owl#MA_0000754,http://human.owl#NCI_C49776,1.0,=
http://mouse.owl#MA_0000281,http://human.owl#NCI_C12756,1.0,=
http://mouse.owl#MA_0000236,http://human.owl#NCI_C12394,1.0,=
http://mouse.owl#MA_0001390,http://human.owl#NCI_C52776,1.0,=
http://mouse.owl#MA_0001421,http://human.owl#NCI_C32239,1.0,=
http://mouse.owl#MA_0002237,http://human.owl#NCI_C52698,1.0,=
http://mouse.owl#MA_0002322,http://human.owl#NCI_C52944,1.0,=
http://mouse.owl#MA_0000372,http://human.owl#NCI_C12739,1.0,=
http://mouse.owl#MA_0002701,http://human.owl#NCI_C32987,1.0,=
http://mouse.owl#MA_0001600,http://human.owl#NCI_C49583,1.0,=
http://mouse.owl#MA_0001514,http://human.owl#NCI_C49577,1.0,=
http://mouse.owl#MA_0002140,http://human.owl#NCI_C53046,1.0,=
http://mouse.owl#MA_0000006,http://human.owl#NCI_C12418,1.0,=
http://mouse.owl#MA_0001095,http://human.owl#NCI_C12758,1.0,=
http://mouse.owl#MA_0002434,http://human.owl#NCI_C12909,1.0,=
http://mouse.owl#MA_0002289,http://human.owl#NCI_C52902,1.0,=
http://mouse.owl#MA_0002562,http://human.owl#NCI_C12691,1.0,=
http://mouse.owl#MA_0000044,http://human.owl#NCI_C32622,1.0,=
http://mouse.owl#MA_0001539,http://human.owl#NCI_C49243,1.0,=
http://mouse.owl#MA_0002215,http://human.owl#NCI_C33511,1.0,=
http://mouse.owl#MA_0001388,http://human.owl#NCI_C12864,1.0,=
http://mouse.owl#MA_0000432,http://human.owl#NCI_C12425,1.0,=
http://mouse.owl#MA_0000124,http://human.owl#NCI_C12272,1.0,=
http://mouse.owl#MA_0002306,http://human.owl#NCI_C32666,1.0,=
http://mouse.owl#MA_0001624,http://human.owl#NCI_C12259,1.0,=
http://mouse.owl#MA_0000993,http://human.owl#NCI_C49138,1.0,=
http://mouse.owl#MA_0000012,http://human.owl#NCI_C12705,1.0,=
http://mouse.owl#MA_0002045,http://human.owl#NCI_C33643,1.0,=
http://mouse.owl#MA_0000196,http://human.owl#NCI_C12828,1.0,=
http://mouse.owl#MA_0002510,http://human.owl#NCI_C32589,1.0,=
http://mouse.owl#MA_0000385,http://human.owl#NCI_C12403,1.0,=
http://mouse.owl#MA_0002494,http://human.owl#NCI_C32732,1.0,=
http://mouse.owl#MA_0000487,http://human.owl#NCI_C32144,1.0,=
http://mouse.owl#MA_0000057,http://human.owl#NCI_C32235,1.0,=
http://mouse.owl#MA_0002211,http://human.owl#NCI_C52693,1.0,=
http://mouse.owl#MA_0001337,http://human.owl#NCI_C32884,1.0,=
http://mouse.owl#MA_0000242,http://human.owl#NCI_C33090,1.0,=
http://mouse.owl#MA_0001565,http://human.owl#NCI_C49221,1.0,=
http://mouse.owl#MA_0000407,http://human.owl#NCI_C12323,1.0,=
http://mouse.owl#MA_0000879,http://human.owl#NCI_C49782,1.0,=
http://mouse.owl#MA_0002269,http://human.owl#NCI_C32200,1.0,=
http://mouse.owl#MA_0001706,http://human.owl#NCI_C49265,1.0,=
http://mouse.owl#MA_0002302,http://human.owl#NCI_C53172,1.0,=
http://mouse.owl#MA_0000728,http://human.owl#NCI_C32973,1.0,=
http://mouse.owl#MA_0002189,http://human.owl#NCI_C53059,1.0,=
http://mouse.owl#MA_0000002,http://human.owl#NCI_C32696,1.0,=
http://mouse.owl#MA_0001357,http://human.owl#NCI_C12777,1.0,=
http://mouse.owl#MA_0002442,http://human.owl#NCI_C13058,1.0,=
http://mouse.owl#MA_0001758,http://human.owl#NCI_C12281,1.0,=
http://mouse.owl#MA_0000433,http://human.owl#NCI_C12469,1.0,=
http://mouse.owl#MA_0001790,http://human.owl#NCI_C49281,1.0,=
http://mouse.owl#MA_0000706,http://human.owl#NCI_C49193,1.0,=
http://mouse.owl#MA_0002435,http://human.owl#NCI_C12746,1.0,=
http://mouse.owl#MA_0000151,http://human.owl#NCI_C12470,1.0,=
http://mouse.owl#MA_0001616,http://human.owl#NCI_C12261,1.0,=
http://mouse.owl#MA_0000167,http://human.owl#NCI_C12438,1.0,=
http://mouse.owl#MA_0000265,http://human.owl#NCI_C12341,1.0,=
http://mouse.owl#MA_0002380,http://human.owl#NCI_C53016,1.0,=
http://mouse.owl#MA_0000870,http://human.owl#NCI_C32843,1.0,=
http://mouse.owl#MA_0002096,http://human.owl#NCI_C53037,1.0,=
http://mouse.owl#MA_0002361,http://human.owl#NCI_C32861,1.0,=
http://mouse.owl#MA_0001729,http://human.owl#NCI_C49312,1.0,=
http://mouse.owl#MA_0001635,http://human.owl#NCI_C49483,1.0,=
http://mouse.owl#MA_0001925,http://human.owl#NCI_C12687,1.0,=
http://mouse.owl#MA_0002273,http://human.owl#NCI_C52891,1.0,=
http://mouse.owl#MA_0001332,http://human.owl#NCI_C52730,1.0,=
http://mouse.owl#MA_0000060,http://human.owl#NCI_C12679,1.0,=
http://mouse.owl#MA_0001630,http://human.owl#NCI_C12677,1.0,=
http://mouse.owl#MA_0000745,http://human.owl#NCI_C33032,1.0,=
http://mouse.owl#MA_0000365,http://human.owl#NCI_C33001,1.0,=
http://mouse.owl#MA_0001323,http://human.owl#NCI_C32856,1.0,=
http://mouse.owl#MA_0001404,http://human.owl#NCI_C52764,1.0,=
http://mouse.owl#MA_0000364,http://human.owl#NCI_C33000,1.0,=
http://mouse.owl#MA_0000887,http://human.owl#NCI_C12440,1.0,=
http://mouse.owl#MA_0000942,http://human.owl#NCI_C52712,1.0,=
http://mouse.owl#MA_0002412,http://human.owl#NCI_C12231,1.0,=
http://mouse.owl#MA_0002397,http://human.owl#NCI_C53180,1.0,=
http://mouse.owl#MA_0000574,http://human.owl#NCI_C12294,1.0,=
http://mouse.owl#MA_0001795,http://human.owl#NCI_C12278,1.0,=
http://mouse.owl#MA_0002565,http://human.owl#NCI_C33519,1.0,=
http://mouse.owl#MA_0001935,http://human.owl#NCI_C12830,1.0,=
http://mouse.owl#MA_0000428,http://human.owl#NCI_C33022,1.0,=
http://mouse.owl#MA_0000398,http://human.owl#NCI_C32492,1.0,=
http://mouse.owl#MA_0002307,http://human.owl#NCI_C52928,1.0,=
http://mouse.owl#MA_0000210,http://human.owl#NCI_C12453,1.0,=
http://mouse.owl#MA_0001200,http://human.owl#NCI_C33083,1.0,=
http://mouse.owl#MA_0001749,http://human.owl#NCI_C49315,1.0,=
http://mouse.owl#MA_0002520,http://human.owl#NCI_C13252,1.0,=
http://mouse.owl#MA_0002279,http://human.owl#NCI_C32401,1.0,=
http://mouse.owl#MA_0000348,http://human.owl#NCI_C12506,1.0,=
http://mouse.owl#MA_0001744,http://human.owl#NCI_C33049,1.0,=
http://mouse.owl#MA_0001149,http://human.owl#NCI_C52747,1.0,=
http://mouse.owl#MA_0001057,http://human.owl#NCI_C33186,1.0,=
http://mouse.owl#MA_0002191,http://human.owl#NCI_C52692,1.0,=
http://mouse.owl#MA_0002663,http://human.owl#NCI_C38668,1.0,=
http://mouse.owl#MA_0001776,http://human.owl#NCI_C49250,1.0,=
http://mouse.owl#MA_0001245,http://human.owl#NCI_C12699,1.0,=
http://mouse.owl#MA_0001835,http://human.owl#NCI_C49209,1.0,=
http://mouse.owl#MA_0002540,http://human.owl#NCI_C33794,1.0,=
http://mouse.owl#MA_0000178,http://human.owl#NCI_C12773,1.0,=
http://mouse.owl#MA_0002187,http://human.owl#NCI_C53061,1.0,=
http://mouse.owl#MA_0001974,http://human.owl#NCI_C32845,1.0,=
http://mouse.owl#MA_0000474,http://human.owl#NCI_C32038,1.0,=
http://mouse.owl#MA_0000788,http://human.owl#NCI_C12368,1.0,=
http://mouse.owl#MA_0000758,http://human.owl#NCI_C33607,1.0,=
http://mouse.owl#MA_0001840,http://human.owl#NCI_C49213,1.0,=
http://mouse.owl#MA_0000092,http://human.owl#NCI_C12871,1.0,=
http://mouse.owl#MA_0002219,http://human.owl#NCI_C52696,1.0,=
http://mouse.owl#MA_0001339,http://human.owl#NCI_C12855,1.0,=
http://mouse.owl#MA_0001469,http://human.owl#NCI_C12766,1.0,=
http://mouse.owl#MA_0001125,http://human.owl#NCI_C41624,1.0,=
http://mouse.owl#MA_0000771,http://human.owl#NCI_C33775,1.0,=
http://mouse.owl#MA_0000582,http://human.owl#NCI_C52757,1.0,=
http://mouse.owl#MA_0000030,http://human.owl#NCI_C12767,1.0,=
http://mouse.owl#MA_0000898,http://human.owl#NCI_C32557,1.0,=
http://mouse.owl#MA_0000468,http://human.owl#NCI_C52842,1.0,=
http://mouse.owl#MA_0000170,http://human.owl#NCI_C12455,1.0,=
http://mouse.owl#MA_0000279,http://human.owl#NCI_C33470,1.0,=
http://mouse.owl#MA_0001928,http://human.owl#NCI_C33473,1.0,=
http://mouse.owl#MA_0001686,http://human.owl#NCI_C49309,1.0,=
http://mouse.owl#MA_0001360,http://human.owl#NCI_C12718,1.0,=
http://mouse.owl#MA_0001594,http://human.owl#NCI_C32322,1.0,=
http://mouse.owl#MA_0000047,http://human.owl#NCI_C32974,1.0,=
http://mouse.owl#MA_0002718,http://human.owl#NCI_C33854,1.0,=
http://mouse.owl#MA_0001109,http://human.owl#NCI_C12996,1.0,=
http://mouse.owl#MA_0001466,http://human.owl#NCI_C32635,1.0,=
http://mouse.owl#MA_0000323,http://human.owl#NCI_C34082,1.0,=
http://mouse.owl#MA_0001961,http://human.owl#NCI_C32654,1.0,=
http://mouse.owl#MA_0002688,http://human.owl#NCI_C32926,1.0,=
http://mouse.owl#MA_0001169,http://human.owl#NCI_C52814,1.0,=
http://mouse.owl#MA_0002207,http://human.owl#NCI_C48946,1.0,=
http://mouse.owl#MA_0001427,http://human.owl#NCI_C32245,1.0,=
http://mouse.owl#MA_0002368,http://human.owl#NCI_C33515,1.0,=
http://mouse.owl#MA_0002057,http://human.owl#NCI_C52736,1.0,=
http://mouse.owl#MA_0001707,http://human.owl#NCI_C33244,1.0,=
http://mouse.owl#MA_0000916,http://human.owl#NCI_C12354,1.0,=
http://mouse.owl#MA_0000191,http://human.owl#NCI_C12444,1.0,=
http://mouse.owl#MA_0000138,http://human.owl#NCI_C33038,1.0,=
http://mouse.owl#MA_0000565,http://human.owl#NCI_C33105,1.0,=
http://mouse.owl#MA_0002068,http://human.owl#NCI_C53025,1.0,=
http://mouse.owl#MA_0000034,http://human.owl#NCI_C32628,1.0,=
http://mouse.owl#MA_0001602,http://human.owl#NCI_C49584,1.0,=
http://mouse.owl#MA_0002664,http://human.owl#NCI_C38669,1.0,=
http://mouse.owl#MA_0000392,http://human.owl#NCI_C12311,1.0,=
http://mouse.owl#MA_0001921,http://human.owl#NCI_C12681,1.0,=
http://mouse.owl#MA_0002554,http://human.owl#NCI_C33340,1.0,=
http://mouse.owl#MA_0002507,http://human.owl#NCI_C13275,1.0,=
http://mouse.owl#MA_0002488,http://human.owl#NCI_C33273,1.0,=
http://mouse.owl#MA_0001589,http://human.owl#NCI_C12233,1.0,=
http://mouse.owl#MA_0001335,http://human.owl#NCI_C32042,1.0,=
http://mouse.owl#MA_0001411,http://human.owl#NCI_C52768,1.0,=
http://mouse.owl#MA_0002579,http://human.owl#NCI_C33454,1.0,=
http://mouse.owl#MA_0001088,http://human.owl#NCI_C32041,1.0,=
http://mouse.owl#MA_0001288,http://human.owl#NCI_C32463,1.0,=
http://mouse.owl#MA_0001599,http://human.owl#NCI_C32451,1.0,=
http://mouse.owl#MA_0002466,http://human.owl#NCI_C33301,1.0,=
http://mouse.owl#MA_0002569,http://human.owl#NCI_C33766,1.0,=
http://mouse.owl#MA_0000766,http://human.owl#NCI_C33770,1.0,=
http://mouse.owl#MA_0002092,http://human.owl#NCI_C32286,1.0,=
http://mouse.owl#MA_0000333,http://human.owl#NCI_C12379,1.0,=
http://mouse.owl#MA_0001975,http://human.owl#NCI_C52863,1.0,=
http://mouse.owl#MA_0002462,http://human.owl#NCI_C33884,1.0,=
http://mouse.owl#MA_0001091,http://human.owl#NCI_C12714,1.0,=
http://mouse.owl#MA_0002052,http://human.owl#NCI_C53005,1.0,=
http://mouse.owl#MA_0000952,http://human.owl#NCI_C32248,1.0,=
http://mouse.owl#MA_0001695,http://human.owl#NCI_C48940,1.0,=
http://mouse.owl#MA_0002031,http://human.owl#NCI_C12774,1.0,=
http://mouse.owl#MA_0002681,http://human.owl#NCI_C32539,1.0,=
http://mouse.owl#MA_0001567,http://human.owl#NCI_C49222,1.0,=
http://mouse.owl#MA_0002023,http://human.owl#NCI_C33357,1.0,=
http://mouse.owl#MA_0001609,http://human.owl#NCI_C12256,1.0,=
http://mouse.owl#MA_0000018,http://human.owl#NCI_C12788,1.0,=
http://mouse.owl#MA_0002376,http://human.owl#NCI_C53007,1.0,=
http://mouse.owl#MA_0002697,http://human.owl#NCI_C33277,1.0,=
http://mouse.owl#MA_0001568,http://human.owl#NCI_C49223,1.0,=
http://mouse.owl#MA_0001506,http://human.owl#NCI_C33507,1.0,=
http://mouse.owl#MA_0001273,http://human.owl#NCI_C12678,1.0,=
http://mouse.owl#MA_0001759,http://human.owl#NCI_C32148,1.0,=
http://mouse.owl#MA_0002537,http://human.owl#NCI_C13409,1.0,=
http://mouse.owl#MA_0001311,http://human.owl#NCI_C32808,1.0,=
http://mouse.owl#MA_0002128,http://human.owl#NCI_C32665,1.0,=
http://mouse.owl#MA_0002665,http://human.owl#NCI_C43630,1.0,=
http://mouse.owl#MA_0000261,http://human.owl#NCI_C12401,1.0,=
http://mouse.owl#MA_0000995,http://human.owl#NCI_C49141,1.0,=
http://mouse.owl#MA_0000097,http://human.owl#NCI_C33555,1.0,=
http://mouse.owl#MA_0001730,http://human.owl#NCI_C49313,1.0,=
http://mouse.owl#MA_0001938,http://human.owl#NCI_C52851,1.0,=
http://mouse.owl#MA_0000139,http://human.owl#NCI_C12745,1.0,=
http://mouse.owl#MA_0000153,http://human.owl#NCI_C12708,1.0,=
http://mouse.owl#MA_0002681,http://human.owl#NCI_C32540,1.0,=
http://mouse.owl#MA_0002226,http://human.owl#NCI_C33680,1.0,=
http://mouse.owl#MA_0002671,http://human.owl#NCI_C33599,1.0,=
http://mouse.owl#MA_0002539,http://human.owl#NCI_C13280,1.0,=
http://mouse.owl#MA_0000458,http://human.owl#NCI_C52838,1.0,=
http://mouse.owl#MA_0001426,http://human.owl#NCI_C32244,1.0,=
http://mouse.owl#MA_0001282,http://human.owl#NCI_C33694,1.0,=
http://mouse.owl#MA_0002563,http://human.owl#NCI_C12704,1.0,=
http://mouse.owl#MA_0002526,http://human.owl#NCI_C52552,1.0,=
http://mouse.owl#MA_0002301,http://human.owl#NCI_C52925,1.0,=
http://mouse.owl#MA_0002571,http://human.owl#NCI_C32455,1.0,=
http://mouse.owl#MA_0000315,http://human.owl#NCI_C12782,1.0,=
http://mouse.owl#MA_0000803,http://human.owl#NCI_C33623,1.0,=
http://mouse.owl#MA_0001104,http://human.owl#NCI_C33215,1.0,=
http://mouse.owl#MA_0000742,http://human.owl#NCI_C49586,1.0,=
http://mouse.owl#MA_0000052,http://human.owl#NCI_C33763,1.0,=
http://mouse.owl#MA_0002685,http://human.owl#NCI_C32663,1.0,=
http://mouse.owl#MA_0002271,http://human.owl#NCI_C53149,1.0,=
http://mouse.owl#MA_0001442,http://human.owl#NCI_C33727,1.0,=
http://mouse.owl#MA_0001249,http://human.owl#NCI_C33075,1.0,=
http://mouse.owl#MA_0002416,http://human.owl#NCI_C12998,1.0,=
http://mouse.owl#MA_0002035,http://human.owl#NCI_C12778,1.0,=
http://mouse.owl#MA_0001429,http://human.owl#NCI_C32900,1.0,=
http://mouse.owl#MA_0001836,http://human.owl#NCI_C49212,1.0,=
http://mouse.owl#MA_0002378,http://human.owl#NCI_C53014,1.0,=
http://mouse.owl#MA_0001274,http://human.owl#NCI_C52800,1.0,=
http://mouse.owl#MA_0001029,http://human.owl#NCI_C33140,1.0,=
http://mouse.owl#MA_0001056,http://human.owl#NCI_C32409,1.0,=
http://mouse.owl#MA_0002319,http://human.owl#NCI_C32763,1.0,=
http://mouse.owl#MA_0000173,http://human.owl#NCI_C12458,1.0,=
http://mouse.owl#MA_0000454,http://human.owl#NCI_C52834,1.0,=
http://mouse.owl#MA_0001158,http://human.owl#NCI_C52830,1.0,=
http://mouse.owl#MA_0001797,http://human.owl#NCI_C13075,1.0,=
http://mouse.owl#MA_0001076,http://human.owl#NCI_C12721,1.0,=
http://mouse.owl#MA_0000690,http://human.owl#NCI_C40186,1.0,=
http://mouse.owl#MA_0001340,http://human.owl#NCI_C12857,1.0,=
http://mouse.owl#MA_0002194,http://human.owl#NCI_C53062,1.0,=
http://mouse.owl#MA_0000263,http://human.owl#NCI_C12344,1.0,=
http://mouse.owl#MA_0000379,http://human.owl#NCI_C12417,1.0,=
http://mouse.owl#MA_0002218,http://human.owl#NCI_C53050,1.0,=
http://mouse.owl#MA_0002687,http://human.owl#NCI_C33570,1.0,=
http://mouse.owl#MA_0001217,http://human.owl#NCI_C33612,1.0,=
http://mouse.owl#MA_0000374,http://human.owl#NCI_C12887,1.0,=
http://mouse.owl#MA_0001141,http://human.owl#NCI_C52721,1.0,=
http://mouse.owl#MA_0000466,http://human.owl#NCI_C52840,1.0,=
http://mouse.owl#MA_0001789,http://human.owl#NCI_C49294,1.0,=
http://mouse.owl#MA_0002311,http://human.owl#NCI_C52935,1.0,=
http://mouse.owl#MA_0002064,http://human.owl#NCI_C32046,1.0,=
http://mouse.owl#MA_0001014,http://human.owl#NCI_C12898,1.0,=
http://mouse.owl#MA_0001929,http://human.owl#NCI_C32551,1.0,=
http://mouse.owl#MA_0000140,http://human.owl#NCI_C12910,1.0,=
http://mouse.owl#MA_0000417,http://human.owl#NCI_C32056,1.0,=
http://mouse.owl#MA_0001741,http://human.owl#NCI_C13100,1.0,=
http://mouse.owl#MA_0002105,http://human.owl#NCI_C52689,1.0,=
http://mouse.owl#MA_0001722,http://human.owl#NCI_C32425,1.0,=
http://mouse.owl#MA_0000734,http://human.owl#NCI_C49600,1.0,=
http://mouse.owl#MA_0002346,http://human.owl#NCI_C32857,1.0,=
http://mouse.owl#MA_0002146,http://human.owl#NCI_C53048,1.0,=
http://mouse.owl#MA_0001933,http://human.owl#NCI_C52845,1.0,=
http://mouse.owl#MA_0001258,http://human.owl#NCI_C52724,1.0,=
http://mouse.owl#MA_0000764,http://human.owl#NCI_C49760,1.0,=
http://mouse.owl#MA_0000899,http://human.owl#NCI_C32571,1.0,=
http://mouse.owl#MA_0000703,http://human.owl#NCI_C49329,1.0,=
http://mouse.owl#MA_0002395,http://human.owl#NCI_C53079,1.0,=
http://mouse.owl#MA_0002154,http://human.owl#NCI_C12738,1.0,=
http://mouse.owl#MA_0001676,http://human.owl#NCI_C32154,1.0,=
http://mouse.owl#MA_0001069,http://human.owl#NCI_C12897,1.0,=
http://mouse.owl#MA_0001510,http://human.owl#NCI_C32394,1.0,=
http://mouse.owl#MA_0000775,http://human.owl#NCI_C33250,1.0,=
http://mouse.owl#MA_0000774,http://human.owl#NCI_C33318,1.0,=
http://mouse.owl#MA_0002212,http://human.owl#NCI_C52695,1.0,=
http://mouse.owl#MA_0000174,http://human.owl#NCI_C33052,1.0,=
http://mouse.owl#MA_0000430,http://human.owl#NCI_C12286,1.0,=
http://mouse.owl#MA_0002284,http://human.owl#NCI_C32404,1.0,=
http://mouse.owl#MA_0001596,http://human.owl#NCI_C52707,1.0,=
http://mouse.owl#MA_0000106,http://human.owl#NCI_C32391,1.0,=
http://mouse.owl#MA_0002393,http://human.owl#NCI_C53178,1.0,=
http://mouse.owl#MA_0002424,http://human.owl#NCI_C53075,1.0,=
http://mouse.owl#MA_0000011,http://human.owl#NCI_C12374,1.0,=
http://mouse.owl#MA_0000240,http://human.owl#NCI_C12395,1.0,=
http://mouse.owl#MA_0002683,http://human.owl#NCI_C32656,1.0,=
http://mouse.owl#MA_0001777,http://human.owl#NCI_C49251,1.0,=
http://mouse.owl#MA_0001791,http://human.owl#NCI_C48944,1.0,=
http://mouse.owl#MA_0000997,http://human.owl#NCI_C49140,1.0,=
http://mouse.owl#MA_0000755,http://human.owl#NCI_C49769,1.0,=
http://mouse.owl#MA_0001771,http://human.owl#NCI_C12867,1.0,=
http://mouse.owl#MA_0000195,http://human.owl#NCI_C40336,1.0,=
http://mouse.owl#MA_0000630,http://human.owl#NCI_C52753,1.0,=
http://mouse.owl#MA_0000031,http://human.owl#NCI_C25389,1.0,=
http://mouse.owl#MA_0002546,http://human.owl#NCI_C32891,1.0,=
http://mouse.owl#MA_0002310,http://human.owl#NCI_C52933,1.0,=
http://mouse.owl#MA_0002283,http://human.owl#NCI_C32398,1.0,=
http://mouse.owl#MA_0000268,http://human.owl#NCI_C12713,1.0,=
http://mouse.owl#MA_0002521,http://human.owl#NCI_C13713,1.0,=
http://mouse.owl#MA_0001694,http://human.owl#NCI_C48939,1.0,=
http://mouse.owl#MA_0000019,http://human.owl#NCI_C28287,1.0,=
http://mouse.owl#MA_0001110,http://human.owl#NCI_C12697,1.0,=
http://mouse.owl#MA_0000414,http://human.owl#NCI_C12420,1.0,=
http://mouse.owl#MA_0002178,http://human.owl#NCI_C32782,1.0,=
http://mouse.owl#MA_0001551,http://human.owl#NCI_C13010,1.0,=
http://mouse.owl#MA_0002485,http://human.owl#NCI_C12906,1.0,=
http://mouse.owl#MA_0001585,http://human.owl#NCI_C12427,1.0,=
http://mouse.owl#MA_0002077,http://human.owl#NCI_C12819,1.0,=
http://mouse.owl#MA_0000460,http://human.owl#NCI_C33894,1.0,=
http://mouse.owl#MA_0001890,http://human.owl#NCI_C32587,1.0,=
http://mouse.owl#MA_0002743,http://human.owl#NCI_C33356,1.0,=
http://mouse.owl#MA_0000343,http://human.owl#NCI_C12220,1.0,=
http://mouse.owl#MA_0000202,http://human.owl#NCI_C33866,1.0,=
http://mouse.owl#MA_0001476,http://human.owl#NCI_C12797,1.0,=
http://mouse.owl#MA_0000384,http://human.owl#NCI_C12404,1.0,=
http://mouse.owl#MA_0001627,http://human.owl#NCI_C32657,1.0,=
http://mouse.owl#MA_0000961,http://human.owl#NCI_C32309,1.0,=
http://mouse.owl#MA_0001687,http://human.owl#NCI_C49310,1.0,=
http://mouse.owl#MA_0000245,http://human.owl#NCI_C33871,1.0,=
http://mouse.owl#MA_0002527,http://human.owl#NCI_C33231,1.0,=
http://mouse.owl#MA_0000352,http://human.owl#NCI_C12389,1.0,=
http://mouse.owl#MA_0001347,http://human.owl#NCI_C12858,1.0,=
http://mouse.owl#MA_0000150,http://human.owl#NCI_C33712,1.0,=
http://mouse.owl#MA_0000306,http://human.owl#NCI_C52771,1.0,=
http://mouse.owl#MA_0002142,http://human.owl#NCI_C12734,1.0,=
http://mouse.owl#MA_0002607,http://human.owl#NCI_C33879,1.0,=
http://mouse.owl#MA_0001396,http://human.owl#NCI_C52715,1.0,=
http://mouse.owl#MA_0001987,http://human.owl#NCI_C52947,1.0,=
http://mouse.owl#MA_0000964,http://human.owl#NCI_C49249,1.0,=
http://mouse.owl#MA_0001998,http://human.owl#NCI_C52969,1.0,=
http://mouse.owl#MA_0002018,http://human.owl#NCI_C33314,1.0,=
http://mouse.owl#MA_0001272,http://human.owl#NCI_C52802,1.0,=
http://mouse.owl#MA_0001962,http://human.owl#NCI_C52857,1.0,=
http://mouse.owl#MA_0000128,http://human.owl#NCI_C12765,1.0,=
http://mouse.owl#MA_0002015,http://human.owl#NCI_C52742,1.0,=
http://mouse.owl#MA_0001436,http://human.owl#NCI_C33500,1.0,=
http://mouse.owl#MA_0002313,http://human.owl#NCI_C53173,1.0,=
http://mouse.owl#MA_0000334,http://human.owl#NCI_C12381,1.0,=
http://mouse.owl#MA_0002293,http://human.owl#NCI_C52916,1.0,=
http://mouse.owl#MA_0002050,http://human.owl#NCI_C33650,1.0,=
http://mouse.owl#MA_0000457,http://human.owl#NCI_C52837,1.0,=
http://mouse.owl#MA_0000901,http://human.owl#NCI_C32653,1.0,=
http://mouse.owl#MA_0001579,http://human.owl#NCI_C12291,1.0,=
http://mouse.owl#MA_0001387,http://human.owl#NCI_C52785,1.0,=
http://mouse.owl#MA_0000290,http://human.owl#NCI_C49477,1.0,=
http://mouse.owl#MA_0001052,http://human.owl#NCI_C33187,1.0,=
http://mouse.owl#MA_0001615,http://human.owl#NCI_C12262,1.0,=
http://mouse.owl#MA_0000313,http://human.owl#NCI_C12853,1.0,=
http://mouse.owl#MA_0000404,http://human.owl#NCI_C12410,1.0,=
http://mouse.owl#MA_0000713,http://human.owl#NCI_C49318,1.0,=
http://mouse.owl#MA_0001133,http://human.owl#NCI_C49800,1.0,=
http://mouse.owl#MA_0001358,http://human.owl#NCI_C12809,1.0,=
http://mouse.owl#MA_0001696,http://human.owl#NCI_C32208,1.0,=
http://mouse.owl#MA_0001773,http://human.owl#NCI_C48943,1.0,=
http://mouse.owl#MA_0001603,http://human.owl#NCI_C49795,1.0,=
http://mouse.owl#MA_0002576,http://human.owl#NCI_C32160,1.0,=
http://mouse.owl#MA_0000941,http://human.owl#NCI_C12353,1.0,=
http://mouse.owl#MA_0002295,http://human.owl#NCI_C52918,1.0,=
http://mouse.owl#MA_0002287,http://human.owl#NCI_C53152,1.0,=
http://mouse.owl#MA_0002164,http://human.owl#NCI_C33608,1.0,=
http://mouse.owl#MA_0001605,http://human.owl#NCI_C49264,1.0,=
http://mouse.owl#MA_0001352,http://human.owl#NCI_C32840,1.0,=
http://mouse.owl#MA_0001948,http://human.owl#NCI_C52860,1.0,=
http://mouse.owl#MA_0001276,http://human.owl#NCI_C32783,1.0,=
http://mouse.owl#MA_0001633,http://human.owl#NCI_C49228,1.0,=
http://mouse.owl#MA_0000076,http://human.owl#NCI_C13004,1.0,=
http://mouse.owl#MA_0000015,http://human.owl#NCI_C13056,1.0,=
http://mouse.owl#MA_0002386,http://human.owl#NCI_C53070,1.0,=
http://mouse.owl#MA_0001819,http://human.owl#NCI_C49256,1.0,=
http://mouse.owl#MA_0001172,http://human.owl#NCI_C52810,1.0,=
http://mouse.owl#MA_0002468,http://human.owl#NCI_C32999,1.0,=
http://mouse.owl#MA_0002536,http://human.owl#NCI_C13278,1.0,=
http://mouse.owl#MA_0000099,http://human.owl#NCI_C13005,1.0,=
http://mouse.owl#MA_0002262,http://human.owl#NCI_C53145,1.0,=
http://mouse.owl#MA_0002246,http://human.owl#NCI_C53143,1.0,=
http://mouse.owl#MA_0000858,http://human.owl#NCI_C32228,1.0,=
http://mouse.owl#MA_0000325,http://human.owl#NCI_C12413,1.0,=
http://mouse.owl#MA_0000177,http://human.owl#NCI_C12772,1.0,=
http://mouse.owl#MA_0000217,http://human.owl#NCI_C12466,1.0,=
http://mouse.owl#MA_0000063,http://human.owl#NCI_C12672,1.0,=
http://mouse.owl#MA_0000517,http://human.owl#NCI_C12295,1.0,=
http://mouse.owl#MA_0002086,http://human.owl#NCI_C32197,1.0,=
http://mouse.owl#MA_0000090,http://human.owl#NCI_C12805,1.0,=
http://mouse.owl#MA_0002048,http://human.owl#NCI_C53000,1.0,=
http://mouse.owl#MA_0002722,http://human.owl#NCI_C32086,1.0,=
http://mouse.owl#MA_0001786,http://human.owl#NCI_C49278,1.0,=
http://mouse.owl#MA_0000456,http://human.owl#NCI_C52836,1.0,=
http://mouse.owl#MA_0000147,http://human.owl#NCI_C32132,1.0,=
http://mouse.owl#MA_0000453,http://human.owl#NCI_C33106,1.0,=
http://mouse.owl#MA_0002021,http://human.owl#NCI_C33337,1.0,=
http://mouse.owl#MA_0002686,http://human.owl#NCI_C33568,1.0,=
http://mouse.owl#MA_0001858,http://human.owl#NCI_C49305,1.0,=
http://mouse.owl#MA_0001586,http://human.owl#NCI_C32486,1.0,=
http://mouse.owl#MA_0000805,http://human.owl#NCI_C33627,1.0,=
http://mouse.owl#MA_0000869,http://human.owl#NCI_C32556,1.0,=
http://mouse.owl#MA_0002493,http://human.owl#NCI_C48941,1.0,=
http://mouse.owl#MA_0000351,http://human.owl#NCI_C12762,1.0,=
http://mouse.owl#MA_0000170,http://human.owl#NCI_C40185,1.0,=
http://mouse.owl#MA_0001746,http://human.owl#NCI_C49323,1.0,=
http://mouse.owl#MA_0000369,http://human.owl#NCI_C12927,1.0,=
http://mouse.owl#MA_0001449,http://human.owl#NCI_C33723,1.0,=
http://mouse.owl#MA_0000175,http://human.owl#NCI_C12398,1.0,=
http://mouse.owl#MA_0000902,http://human.owl#NCI_C33142,1.0,=
http://mouse.owl#MA_0002037,http://human.owl#NCI_C52740,1.0,=
http://mouse.owl#MA_0001909,http://human.owl#NCI_C49792,1.0,=
http://mouse.owl#MA_0000424,http://human.owl#NCI_C33754,1.0,=
http://mouse.owl#MA_0001341,http://human.owl#NCI_C12859,1.0,=
http://mouse.owl#MA_0002605,http://human.owl#NCI_C33271,1.0,=
http://mouse.owl#MA_0002383,http://human.owl#NCI_C53044,1.0,=
http://mouse.owl#MA_0002186,http://human.owl#NCI_C53058,1.0,=
http://mouse.owl#MA_0002056,http://human.owl#NCI_C52737,1.0,=
http://mouse.owl#MA_0001124,http://human.owl#NCI_C12641,1.0,=
http://mouse.owl#MA_0000314,http://human.owl#NCI_C12798,1.0,=
http://mouse.owl#MA_0000286,http://human.owl#NCI_C49594,1.0,=
http://mouse.owl#MA_0001709,http://human.owl#NCI_C32692,1.0,=
http://mouse.owl#MA_0000204,http://human.owl#NCI_C12511,1.0,=
http://mouse.owl#MA_0002276,http://human.owl#NCI_C52895,1.0,=
http://mouse.owl#MA_0001415,http://human.owl#NCI_C52727,1.0,=
http://mouse.owl#MA_0001437,http://human.owl#NCI_C33501,1.0,=
http://mouse.owl#MA_0001423,http://human.owl#NCI_C32241,1.0,=
http://mouse.owl#MA_0001681,http://human.owl#NCI_C49276,1.0,=
http://mouse.owl#MA_0000184,http://human.owl#NCI_C12447,1.0,=
http://mouse.owl#MA_0001243,http://human.owl#NCI_C12928,1.0,=
http://mouse.owl#MA_0000296,http://human.owl#NCI_C12688,1.0,=
http://mouse.owl#MA_0000275,http://human.owl#NCI_C12743,1.0,=
http://mouse.owl#MA_0001135,http://human.owl#NCI_C33892,1.0,=
http://mouse.owl#MA_0000760,http://human.owl#NCI_C49779,1.0,=
http://mouse.owl#MA_0001039,http://human.owl#NCI_C12899,1.0,=
http://mouse.owl#MA_0001349,http://human.owl#NCI_C33162,1.0,=
http://mouse.owl#MA_0000237,http://human.owl#NCI_C12499,1.0,=
http://mouse.owl#MA_0000791,http://human.owl#NCI_C32910,1.0,=
http://mouse.owl#MA_0001748,http://human.owl#NCI_C49296,1.0,=
http://mouse.owl#MA_0000095,http://human.owl#NCI_C32161,1.0,=
http://mouse.owl#MA_0001865,http://human.owl#NCI_C49263,1.0,=
http://mouse.owl#MA_0001639,http://human.owl#NCI_C33476,1.0,=
http://mouse.owl#MA_0000996,http://human.owl#NCI_C49139,1.0,=
http://mouse.owl#MA_0002213,http://human.owl#NCI_C53063,1.0,=
http://mouse.owl#MA_0000074,http://human.owl#NCI_C12869,1.0,=
http://mouse.owl#MA_0000449,http://human.owl#NCI_C12770,1.0,=
http://mouse.owl#MA_0001201,http://human.owl#NCI_C33045,1.0,=
http://mouse.owl#MA_0002318,http://human.owl#NCI_C32762,1.0,=
http://mouse.owl#MA_0000823,http://human.owl#NCI_C12694,1.0,=
http://mouse.owl#MA_0002352,http://human.owl#NCI_C52976,1.0,=
http://mouse.owl#MA_0000382,http://human.owl#NCI_C12308,1.0,=
http://mouse.owl#MA_0002524,http://human.owl#NCI_C52554,1.0,=
http://mouse.owl#MA_0002206,http://human.owl#NCI_C12776,1.0,=
http://mouse.owl#MA_0001236,http://human.owl#NCI_C13190,1.0,=
http://mouse.owl#MA_0002061,http://human.owl#NCI_C33741,1.0,=
http://mouse.owl#MA_0001891,http://human.owl#NCI_C32686,1.0,=
http://mouse.owl#MA_0000488,http://human.owl#NCI_C32126,1.0,=
http://mouse.owl#MA_0001838,http://human.owl#NCI_C49211,1.0,=
http://mouse.owl#MA_0001331,http://human.owl#NCI_C12793,1.0,=
http://mouse.owl#MA_0002475,http://human.owl#NCI_C13070,1.0,=
http://mouse.owl#MA_0002467,http://human.owl#NCI_C33304,1.0,=
http://mouse.owl#MA_0000532,http://human.owl#NCI_C33287,1.0,=
http://mouse.owl#MA_0002312,http://human.owl#NCI_C53042,1.0,=
http://mouse.owl#MA_0000377,http://human.owl#NCI_C49274,1.0,=
http://mouse.owl#MA_0000029,http://human.owl#NCI_C12664,1.0,=
http://mouse.owl#MA_0000423,http://human.owl#NCI_C33465,1.0,=
http://mouse.owl#MA_0001381,http://human.owl#NCI_C52778,1.0,=
http://mouse.owl#MA_0001403,http://human.owl#NCI_C52765,1.0,=
http://mouse.owl#MA_0002398,http://human.owl#NCI_C33809,1.0,=
http://mouse.owl#MA_0001166,http://human.owl#NCI_C52817,1.0,=
http://mouse.owl#MA_0001472,http://human.owl#NCI_C12790,1.0,=
http://mouse.owl#MA_0002700,http://human.owl#NCI_C32237,1.0,=
http://mouse.owl#MA_0002114,http://human.owl#NCI_C53045,1.0,=
http://mouse.owl#MA_0002011,http://human.owl#NCI_C33216,1.0,=
http://mouse.owl#MA_0001914,http://human.owl#NCI_C52844,1.0,=
http://mouse.owl#MA_0002345,http://human.owl#NCI_C32567,1.0,=
http://mouse.owl#MA_0001165,http://human.owl#NCI_C52827,1.0,=
http://mouse.owl#MA_0000104,http://human.owl#NCI_C12373,1.0,=
http://mouse.owl#MA_0000537,http://human.owl#NCI_C33290,1.0,=
http://mouse.owl#MA_0000155,http://human.owl#NCI_C32705,1.0,=
http://mouse.owl#MA_0002500,http://human.owl#NCI_C33489,1.0,=
http://mouse.owl#MA_0000705,http://human.owl#NCI_C49192,1.0,=
http://mouse.owl#MA_0002505,http://human.owl#NCI_C13401,1.0,=
http://mouse.owl#MA_0000312,http://human.owl#NCI_C12744,1.0,=
http://mouse.owl#MA_0001669,http://human.owl#NCI_C33417,1.0,=
http://mouse.owl#MA_0002461,http://human.owl#NCI_C33885,1.0,=
http://mouse.owl#MA_0001885,http://human.owl#NCI_C32373,1.0,=
http://mouse.owl#MA_0001688,http://human.owl#NCI_C49311,1.0,=
http://mouse.owl#MA_0001854,http://human.owl#NCI_C49302,1.0,=
http://mouse.owl#MA_0001973,http://human.owl#NCI_C32558,1.0,=
http://mouse.owl#MA_0001982,http://human.owl#NCI_C52941,1.0,=
http://mouse.owl#MA_0000368,http://human.owl#NCI_C12415,1.0,=
http://mouse.owl#MA_0001892,http://human.owl#NCI_C33469,1.0,=
http://mouse.owl#MA_0002143,http://human.owl#NCI_C32359,1.0,=
http://mouse.owl#MA_0001535,http://human.owl#NCI_C32411,1.0,=
http://mouse.owl#MA_0001512,http://human.owl#NCI_C33617,1.0,=
http://mouse.owl#MA_0000176,http://human.owl#NCI_C12399,1.0,=
http://mouse.owl#MA_0000807,http://human.owl#NCI_C12850,1.0,=
http://mouse.owl#MA_0001354,http://human.owl#NCI_C32554,1.0,=
http://mouse.owl#MA_0000523,http://human.owl#NCI_C52758,1.0,=
http://mouse.owl#MA_0000340,http://human.owl#NCI_C12388,1.0,=
http://mouse.owl#MA_0001601,http://human.owl#NCI_C49794,1.0,=
http://mouse.owl#MA_0002329,http://human.owl#NCI_C52708,1.0,=
http://mouse.owl#MA_0001420,http://human.owl#NCI_C12696,1.0,=
http://mouse.owl#MA_0000806,http://human.owl#NCI_C33629,1.0,=
http://mouse.owl#MA_0002667,http://human.owl#NCI_C38671,1.0,=
http://mouse.owl#MA_0002543,http://human.owl#NCI_C32505,1.0,=
http://mouse.owl#MA_0001724,http://human.owl#NCI_C49218,1.0,=
http://mouse.owl#MA_0002453,http://human.owl#NCI_C12843,1.0,=
http://mouse.owl#MA_0000198,http://human.owl#NCI_C12445,1.0,=
http://mouse.owl#MA_0001280,http://human.owl#NCI_C32945,1.0,=
http://mouse.owl#MA_0001182,http://human.owl#NCI_C33135,1.0,=
http://mouse.owl#MA_0002348,http://human.owl#NCI_C52971,1.0,=
http://mouse.owl#MA_0000084,http://human.owl#NCI_C32818,1.0,=
http://mouse.owl#MA_0002730,http://human.owl#NCI_C33460,1.0,=
http://mouse.owl#MA_0001787,http://human.owl#NCI_C49279,1.0,=
http://mouse.owl#MA_0002309,http://human.owl#NCI_C52560,1.0,=
http://mouse.owl#MA_0002490,http://human.owl#NCI_C32207,1.0,=
http://mouse.owl#MA_0000273,http://human.owl#NCI_C12737,1.0,=
http://mouse.owl#MA_0000718,http://human.owl#NCI_C49322,1.0,=
http://mouse.owl#MA_0001584,http://human.owl#NCI_C33249,1.0,=
http://mouse.owl#MA_0000058,http://human.owl#NCI_C33889,1.0,=
http://mouse.owl#MA_0000107,http://human.owl#NCI_C32494,1.0,=
http://mouse.owl#MA_0000545,http://human.owl#NCI_C13017,1.0,=
http://mouse.owl#MA_0002659,http://human.owl#NCI_C32573,1.0,=
http://mouse.owl#MA_0001763,http://human.owl#NCI_C32526,1.0,=
http://mouse.owl#MA_0000054,http://human.owl#NCI_C12769,1.0,=
http://mouse.owl#MA_0001383,http://human.owl#NCI_C52780,1.0,=
http://mouse.owl#MA_0002344,http://human.owl#NCI_C52962,1.0,=
http://mouse.owl#MA_0000172,http://human.owl#NCI_C12457,1.0,=
http://mouse.owl#MA_0000897,http://human.owl#NCI_C33137,1.0,=
http://mouse.owl#MA_0001592,http://human.owl#NCI_C49300,1.0,=
http://mouse.owl#MA_0002290,http://human.owl#NCI_C52911,1.0,=
http://mouse.owl#MA_0000088,http://human.owl#NCI_C12753,1.0,=
http://mouse.owl#MA_0001314,http://human.owl#NCI_C32953,1.0,=
http://mouse.owl#MA_0001837,http://human.owl#NCI_C49214,1.0,=
http://mouse.owl#MA_0000793,http://human.owl#NCI_C12480,1.0,=
http://mouse.owl#MA_0001294,http://human.owl#NCI_C32907,1.0,=
http://mouse.owl#MA_0002229,http://human.owl#NCI_C53129,1.0,=
http://mouse.owl#MA_0002323,http://human.owl#NCI_C32797,1.0,=
http://mouse.owl#MA_0002504,http://human.owl#NCI_C34062,1.0,=
http://mouse.owl#MA_0000326,http://human.owl#NCI_C12841,1.0,=
http://mouse.owl#MA_0001716,http://human.owl#NCI_C32959,1.0,=
http://mouse.owl#MA_0002353,http://human.owl#NCI_C52978,1.0,=
http://mouse.owl#MA_0002267,http://human.owl#NCI_C53039,1.0,=
http://mouse.owl#MA_0001036,http://human.owl#NCI_C12934,1.0,=
http://mouse.owl#MA_0001768,http://human.owl#NCI_C32934,1.0,=
http://mouse.owl#MA_0001050,http://human.owl#NCI_C12835,1.0,=
http://mouse.owl#MA_0000759,http://human.owl#NCI_C49775,1.0,=
http://mouse.owl#MA_0002281,http://human.owl#NCI_C52898,1.0,=
http://mouse.owl#MA_0000367,http://human.owl#NCI_C32733,1.0,=
http://mouse.owl#MA_0001650,http://human.owl#NCI_C32385,1.0,=
http://mouse.owl#MA_0002119,http://human.owl#NCI_C52688,1.0,=
http://mouse.owl#MA_0000324,http://human.owl#NCI_C43612,1.0,=
http://mouse.owl#MA_0001443,http://human.owl#NCI_C33728,1.0,=
http://mouse.owl#MA_0001899,http://human.owl#NCI_C49299,1.0,=
http://mouse.owl#MA_0001030,http://human.owl#NCI_C33402,1.0,=
http://mouse.owl#MA_0002646,http://human.owl#NCI_C13101,1.0,=
http://mouse.owl#MA_0000868,http://human.owl#NCI_C32673,1.0,=
http://mouse.owl#MA_0000133,http://human.owl#NCI_C12351,1.0,=
http://mouse.owl#MA_0000436,http://human.owl#NCI_C12683,1.0,=
http://mouse.owl#MA_0002175,http://human.owl#NCI_C33072,1.0,=
http://mouse.owl#MA_0001264,http://human.owl#NCI_C49597,1.0,=
http://mouse.owl#MA_0000739,http://human.owl#NCI_C33028,1.0,=
http://mouse.owl#MA_0000654,http://human.owl#NCI_C52750,1.0,=
http://mouse.owl#MA_0002734,http://human.owl#NCI_C32516,1.0,=
http://mouse.owl#MA_0000118,http://human.owl#NCI_C12396,1.0,=
http://mouse.owl#MA_0001373,http://human.owl#NCI_C52787,1.0,=
http://mouse.owl#MA_0001446,http://human.owl#NCI_C33731,1.0,=
http://mouse.owl#MA_0001725,http://human.owl#NCI_C49219,1.0,=
http://mouse.owl#MA_0002413,http://human.owl#NCI_C33204,1.0,=
http://mouse.owl#MA_0000255,http://human.owl#NCI_C12500,1.0,=
http://mouse.owl#MA_0000366,http://human.owl#NCI_C32735,1.0,=
http://mouse.owl#MA_0000617,http://human.owl#NCI_C12296,1.0,=
http://mouse.owl#MA_0000251,http://human.owl#NCI_C33528,1.0,=
http://mouse.owl#MA_0001193,http://human.owl#NCI_C33223,1.0,=
http://mouse.owl#MA_0000890,http://human.owl#NCI_C12449,1.0,=
http://mouse.owl#MA_0001299,http://human.owl#NCI_C33161,1.0,=
http://mouse.owl#MA_0002503,http://human.owl#NCI_C12692,1.0,=
http://mouse.owl#MA_0002447,http://human.owl#NCI_C25444,1.0,=
http://mouse.owl#MA_0000264,http://human.owl#NCI_C12345,1.0,=
http://mouse.owl#MA_0000422,http://human.owl#NCI_C12684,1.0,=
http://mouse.owl#MA_0002369,http://human.owl#NCI_C52985,1.0,=
http://mouse.owl#MA_0000009,http://human.owl#NCI_C12472,1.0,=
http://mouse.owl#MA_0001215,http://human.owl#NCI_C32770,1.0,=
http://mouse.owl#MA_0001422,http://human.owl#NCI_C32174,1.0,=
http://mouse.owl#MA_0000225,http://human.owl#NCI_C12795,1.0,=
http://mouse.owl#MA_0001702,http://human.owl#NCI_C32681,1.0,=
http://mouse.owl#MA_0000888,http://human.owl#NCI_C32329,1.0,=
http://mouse.owl#MA_0001035,http://human.owl#NCI_C52716,1.0,=
http://mouse.owl#MA_0000376,http://human.owl#NCI_C33456,1.0,=
http://mouse.owl#MA_0001184,http://human.owl#NCI_C32921,1.0,=
http://mouse.owl#MA_0000192,http://human.owl#NCI_C12834,1.0,=
http://mouse.owl#MA_0001334,http://human.owl#NCI_C33895,1.0,=
http://mouse.owl#MA_0001171,http://human.owl#NCI_C52812,1.0,=
http://mouse.owl#MA_0001779,http://human.owl#NCI_C49254,1.0,=
http://mouse.owl#MA_0001224,http://human.owl#NCI_C49308,1.0,=
http://mouse.owl#MA_0002384,http://human.owl#NCI_C33616,1.0,=
http://mouse.owl#MA_0000792,http://human.owl#NCI_C12937,1.0,=
http://mouse.owl#MA_0000732,http://human.owl#NCI_C49599,1.0,=
http://mouse.owl#MA_0000284,http://human.owl#NCI_C12424,1.0,=
http://mouse.owl#MA_0001907,http://human.owl#NCI_C49582,1.0,=
http://mouse.owl#MA_0002436,http://human.owl#NCI_C13049,1.0,=
http://mouse.owl#MA_0000205,http://human.owl#NCI_C12442,1.0,=
http://mouse.owl#MA_0000017,http://human.owl#NCI_C33224,1.0,=
http://mouse.owl#MA_0001849,http://human.owl#NCI_C33486,1.0,=
http://mouse.owl#MA_0000467,http://human.owl#NCI_C52841,1.0,=
http://mouse.owl#MA_0000777,http://human.owl#NCI_C33791,1.0,=
http://mouse.owl#MA_0000660,http://human.owl#NCI_C12982,1.0,=
http://mouse.owl#MA_0002568,http://human.owl#NCI_C13085,1.0,=
http://mouse.owl#MA_0002391,http://human.owl#NCI_C53072,1.0,=
http://mouse.owl#MA_0000207,http://human.owl#NCI_C12510,1.0,=
http://mouse.owl#MA_0002388,http://human.owl#NCI_C33651,1.0,=
http://mouse.owl#MA_0002523,http://human.owl#NCI_C33529,1.0,=
http://mouse.owl#MA_0000179,http://human.owl#NCI_C12459,1.0,=
http://mouse.owl#MA_0002017,http://human.owl#NCI_C52994,1.0,=
http://mouse.owl#MA_0002541,http://human.owl#NCI_C32276,1.0,=
http://mouse.owl#MA_0001544,http://human.owl#NCI_C32924,1.0,=
http://mouse.owl#MA_0000026,http://human.owl#NCI_C12742,1.0,=
http://mouse.owl#MA_0001207,http://human.owl#NCI_C33695,1.0,=
http://mouse.owl#MA_0001924,http://human.owl#NCI_C52847,1.0,=
http://mouse.owl#MA_0001525,http://human.owl#NCI_C49478,1.0,=
http://mouse.owl#MA_0002014,http://human.owl#NCI_C32786,1.0,=
http://mouse.owl#MA_0001093,http://human.owl#NCI_C12723,1.0,=
http://mouse.owl#MA_0002038,http://human.owl#NCI_C52997,1.0,=
http://mouse.owl#MA_0002450,http://human.owl#NCI_C13236,1.0,=
http://mouse.owl#MA_0000254,http://human.owl#NCI_C32164,1.0,=
http://mouse.owl#MA_0001238,http://human.owl#NCI_C32314,1.0,=
http://mouse.owl#MA_0001541,http://human.owl#NCI_C12265,1.0,=
http://mouse.owl#MA_0000612,http://human.owl#NCI_C12983,1.0,=
http://mouse.owl#MA_0000168,http://human.owl#NCI_C12439,1.0,=
http://mouse.owl#MA_0001693,http://human.owl#NCI_C32211,1.0,=
http://mouse.owl#MA_0001097,http://human.owl#NCI_C12761,1.0,=
http://mouse.owl#MA_0001692,http://human.owl#NCI_C32205,1.0,=
http://mouse.owl#MA_0001957,http://human.owl#NCI_C52744,1.0,=
http://mouse.owl#MA_0000055,http://human.owl#NCI_C12840,1.0,=
http://mouse.owl#MA_0001406,http://human.owl#NCI_C52762,1.0,=
http://mouse.owl#MA_0002046,http://human.owl#NCI_C32972,1.0,=
http://mouse.owl#MA_0002501,http://human.owl#NCI_C13356,1.0,=
http://mouse.owl#MA_0002680,http://human.owl#NCI_C32538,1.0,=
http://mouse.owl#MA_0000752,http://human.owl#NCI_C49596,1.0,=
http://mouse.owl#MA_0000816,http://human.owl#NCI_C49335,1.0,=
http://mouse.owl#MA_0002343,http://human.owl#NCI_C13074,1.0,=
http://mouse.owl#MA_0001119,http://human.owl#NCI_C32473,1.0,=
http://mouse.owl#MA_0002506,http://human.owl#NCI_C32293,1.0,=
http://mouse.owl#MA_0002042,http://human.owl#NCI_C52738,1.0,=
http://mouse.owl#MA_0002280,http://human.owl#NCI_C33672,1.0,=
http://mouse.owl#MA_0001348,http://human.owl#NCI_C32250,1.0,=
http://mouse.owl#MA_0001438,http://human.owl#NCI_C33720,1.0,=
http://mouse.owl#MA_0001731,http://human.owl#NCI_C49314,1.0,=
http://mouse.owl#MA_0001117,http://human.owl#NCI_C12891,1.0,=
http://mouse.owl#MA_0000710,http://human.owl#NCI_C33853,1.0,=
http://mouse.owl#MA_0000744,http://human.owl#NCI_C49757,1.0,=
http://mouse.owl#MA_0000108,http://human.owl#NCI_C32599,1.0,=
http://mouse.owl#MA_0002567,http://human.owl#NCI_C12461,1.0,=
http://mouse.owl#MA_0000201,http://human.owl#NCI_C49137,1.0,=
http://mouse.owl#MA_0001385,http://human.owl#NCI_C52782,1.0,=
http://mouse.owl#MA_0001743,http://human.owl#NCI_C49269,1.0,=
http://mouse.owl#MA_0002240,http://human.owl#NCI_C52699,1.0,=
http://mouse.owl#MA_0001163,http://human.owl#NCI_C52828,1.0,=
http://mouse.owl#MA_0000253,http://human.owl#NCI_C12274,1.0,=
http://mouse.owl#MA_0002513,http://human.owl#NCI_C13192,1.0,=
http://mouse.owl#MA_0002585,http://human.owl#NCI_C33457,1.0,=
http://mouse.owl#MA_0001432,http://human.owl#NCI_C32903,1.0,=
http://mouse.owl#MA_0000188,http://human.owl#NCI_C12446,1.0,=
http://mouse.owl#MA_0002272,http://human.owl#NCI_C53150,1.0,=
http://mouse.owl#MA_0000216,http://human.owl#NCI_C12464,1.0,=
http://mouse.owl#MA_0001623,http://human.owl#NCI_C32981,1.0,=
http://mouse.owl#MA_0001372,http://human.owl#NCI_C52788,1.0,=
http://mouse.owl#MA_0001428,http://human.owl#NCI_C32899,1.0,=
http://mouse.owl#MA_0002542,http://human.owl#NCI_C32453,1.0,=
http://mouse.owl#MA_0001277,http://human.owl#NCI_C33688,1.0,=
http://mouse.owl#MA_0000712,http://human.owl#NCI_C49317,1.0,=
http://mouse.owl#MA_0001542,http://human.owl#NCI_C12268,1.0,=
http://mouse.owl#MA_0001658,http://human.owl#NCI_C32522,1.0,=
http://mouse.owl#MA_0000137,http://human.owl#NCI_C12771,1.0,=
http://mouse.owl#MA_0000228,http://human.owl#NCI_C12768,1.0,=
http://mouse.owl#MA_0000748,http://human.owl#NCI_C33026,1.0,=
http://mouse.owl#MA_0001930,http://human.owl#NCI_C32836,1.0,=
http://mouse.owl#MA_0002118,http://human.owl#NCI_C12716,1.0,=
http://mouse.owl#MA_0000900,http://human.owl#NCI_C32844,1.0,=
http://mouse.owl#MA_0001497,http://human.owl#NCI_C33897,1.0,=
http://mouse.owl#MA_0001884,http://human.owl#NCI_C33895,1.0,=
http://mouse.owl#MA_0000068,http://human.owl#NCI_C12817,1.0,=
http://mouse.owl#MA_0000421,http://human.owl#NCI_C49473,1.0,=
http://mouse.owl#MA_0001781,http://human.owl#NCI_C49253,1.0,=
http://mouse.owl#MA_0002479,http://human.owl#NCI_C33129,1.0,=
http://mouse.owl#MA_0000200,http://human.owl#NCI_C32726,1.0,=
http://mouse.owl#MA_0002210,http://human.owl#NCI_C33462,1.0,=
http://mouse.owl#MA_0000596,http://human.owl#NCI_C52754,1.0,=
http://mouse.owl#MA_0001407,http://human.owl#NCI_C52761,1.0,=
http://mouse.owl#MA_0002022,http://human.owl#NCI_C12831,1.0,=
http://mouse.owl#MA_0001170,http://human.owl#NCI_C52813,1.0,=
http://mouse.owl#MA_0001697,http://human.owl#NCI_C32206,1.0,=
http://mouse.owl#MA_0002690,http://human.owl#NCI_C32930,1.0,=
http://mouse.owl#MA_0002439,http://human.owl#NCI_C13050,1.0,=
http://mouse.owl#MA_0001286,http://human.owl#NCI_C13323,1.0,=
http://mouse.owl#MA_0001547,http://human.owl#NCI_C32927,1.0,=
http://mouse.owl#MA_0002040,http://human.owl#NCI_C33581,1.0,=
http://mouse.owl#MA_0001922,http://human.owl#NCI_C32814,1.0,=
http://mouse.owl#MA_0001115,http://human.owl#NCI_C32488,1.0,=
http://mouse.owl#MA_0000306,http://human.owl#NCI_C12861,1.0,=
http://mouse.owl#MA_0001755,http://human.owl#NCI_C32933,1.0,=
http://mouse.owl#MA_0001796,http://human.owl#NCI_C12246,1.0,=
http://mouse.owl#MA_0002034,http://human.owl#NCI_C12838,1.0,=
http://mouse.owl#MA_0000877,http://human.owl#NCI_C12454,1.0,=
http://mouse.owl#MA_0001971,http://human.owl#NCI_C12733,1.0,=
http://mouse.owl#MA_0002242,http://human.owl#NCI_C52700,1.0,=
http://mouse.owl#MA_0000768,http://human.owl#NCI_C45713,1.0,=
http://mouse.owl#MA_0000929,http://human.owl#NCI_C52725,1.0,=
http://mouse.owl#MA_0001457,http://human.owl#NCI_C12852,1.0,=
http://mouse.owl#MA_0001370,http://human.owl#NCI_C52790,1.0,=
http://mouse.owl#MA_0001382,http://human.owl#NCI_C52779,1.0,=
http://mouse.owl#MA_0000714,http://human.owl#NCI_C49320,1.0,=
http://mouse.owl#MA_0002359,http://human.owl#NCI_C33421,1.0,=
http://mouse.owl#MA_0001708,http://human.owl#NCI_C32702,1.0,=
http://mouse.owl#MA_0002286,http://human.owl#NCI_C32446,1.0,=
http://mouse.owl#MA_0000136,http://human.owl#NCI_C12936,1.0,=
http://mouse.owl#MA_0000129,http://human.owl#NCI_C12400,1.0,=
http://mouse.owl#MA_0001130,http://human.owl#NCI_C12350,1.0,=
http://mouse.owl#MA_0001405,http://human.owl#NCI_C52763,1.0,=
http://mouse.owl#MA_0000441,http://human.owl#NCI_C12428,1.0,=
http://mouse.owl#MA_0000037,http://human.owl#NCI_C32712,1.0,=
http://mouse.owl#MA_0000143,http://human.owl#NCI_C12802,1.0,=
http://mouse.owl#MA_0001960,http://human.owl#NCI_C52856,1.0,=
http://mouse.owl#MA_0002679,http://human.owl#NCI_C32619,1.0,=
http://mouse.owl#MA_0000480,http://human.owl#NCI_C12815,1.0,=
http://mouse.owl#MA_0001976,http://human.owl#NCI_C52859,1.0,=
http://mouse.owl#MA_0000169,http://human.owl#NCI_C12441,1.0,=
http://mouse.owl#MA_0001168,http://human.owl#NCI_C52815,1.0,=
http://mouse.owl#MA_0000336,http://human.owl#NCI_C12390,1.0,=
http://mouse.owl#MA_0001425,http://human.owl#NCI_C32243,1.0,=
http://mouse.owl#MA_0002407,http://human.owl#NCI_C12929,1.0,=
http://mouse.owl#MA_0000338,http://human.owl#NCI_C12263,1.0,=
http://mouse.owl#MA_0001209,http://human.owl#NCI_C33378,1.0,=
http://mouse.owl#MA_0000716,http://human.owl#NCI_C49319,1.0,=
http://mouse.owl#MA_0001540,http://human.owl#NCI_C12380,1.0,=
http://mouse.owl#MA_0002157,http://human.owl#NCI_C32849,1.0,=
http://mouse.owl#MA_0000415,http://human.owl#NCI_C12468,1.0,=
http://mouse.owl#MA_0000804,http://human.owl#NCI_C33625,1.0,=
http://mouse.owl#MA_0002244,http://human.owl#NCI_C32115,1.0,=
http://mouse.owl#MA_0000332,http://human.owl#NCI_C13066,1.0,=
http://mouse.owl#MA_0002387,http://human.owl#NCI_C53071,1.0,=
http://mouse.owl#MA_0000983,http://human.owl#NCI_C32308,1.0,=
http://mouse.owl#MA_0000363,http://human.owl#NCI_C33481,1.0,=
http://mouse.owl#MA_0001531,http://human.owl#NCI_C32548,1.0,=
http://mouse.owl#MA_0002340,http://human.owl#NCI_C52956,1.0,=
http://mouse.owl#MA_0000463,http://human.owl#NCI_C32078,1.0,=
http://mouse.owl#MA_0002603,http://human.owl#NCI_C33043,1.0,=
http://mouse.owl#MA_0001704,http://human.owl#NCI_C32969,1.0,=
http://mouse.owl#MA_0001096,http://human.owl#NCI_C12759,1.0,=
http://mouse.owl#MA_0000181,http://human.owl#NCI_C52731,1.0,=
http://mouse.owl#MA_0000729,http://human.owl#NCI_C33491,1.0,=
http://mouse.owl#MA_0002377,http://human.owl#NCI_C53012,1.0,=
http://mouse.owl#MA_0001914,http://human.owl#NCI_C33708,1.0,=
http://mouse.owl#MA_0001159,http://human.owl#NCI_C52829,1.0,=
http://mouse.owl#MA_0002511,http://human.owl#NCI_C52556,1.0,=
http://mouse.owl#MA_0000401,http://human.owl#NCI_C32395,1.0,=
http://mouse.owl#MA_0001254,http://human.owl#NCI_C52886,1.0,=
http://mouse.owl#MA_0001747,http://human.owl#NCI_C49326,1.0,=
http://mouse.owl#MA_0000650,http://human.owl#NCI_C52719,1.0,=
http://mouse.owl#MA_0001705,http://human.owl#NCI_C33487,1.0,=
http://mouse.owl#MA_0002300,http://human.owl#NCI_C52923,1.0,=
http://mouse.owl#MA_0000303,http://human.owl#NCI_C12752,1.0,=
http://mouse.owl#MA_0002392,http://human.owl#NCI_C33750,1.0,=
http://mouse.owl#MA_0002573,http://human.owl#NCI_C32169,1.0,=
http://mouse.owl#MA_0001448,http://human.owl#NCI_C33722,1.0,=
http://mouse.owl#MA_0001402,http://human.owl#NCI_C52766,1.0,=
http://mouse.owl#MA_0001305,http://human.owl#NCI_C32311,1.0,=
http://mouse.owl#MA_0001664,http://human.owl#NCI_C33840,1.0,=
http://mouse.owl#MA_0002473,http://human.owl#NCI_C13071,1.0,=
http://mouse.owl#MA_0002661,http://human.owl#NCI_C43618,1.0,=
http://mouse.owl#MA_0002454,http://human.owl#NCI_C12872,1.0,=
http://mouse.owl#MA_0001764,http://human.owl#NCI_C33780,1.0,=
http://mouse.owl#MA_0002243,http://human.owl#NCI_C33787,1.0,=
http://mouse.owl#MA_0001279,http://human.owl#NCI_C32790,1.0,=
http://mouse.owl#MA_0000913,http://human.owl#NCI_C12355,1.0,=
http://mouse.owl#MA_0001174,http://human.owl#NCI_C52807,1.0,=
http://mouse.owl#MA_0002004,http://human.owl#NCI_C32780,1.0,=
http://mouse.owl#MA_0001292,http://human.owl#NCI_C33429,1.0,=
http://mouse.owl#MA_0001053,http://human.owl#NCI_C33188,1.0,=
http://mouse.owl#MA_0001855,http://human.owl#NCI_C49303,1.0,=
http://mouse.owl#MA_0000950,http://human.owl#NCI_C32246,1.0,=
http://mouse.owl#MA_0000397,http://human.owl#NCI_C12328,1.0,=
http://mouse.owl#MA_0002668,http://human.owl#NCI_C32827,1.0,=
http://mouse.owl#MA_0001767,http://human.owl#NCI_C49244,1.0,=
http://mouse.owl#MA_0001538,http://human.owl#NCI_C49242,1.0,=
http://mouse.owl#MA_0000953,http://human.owl#NCI_C32249,1.0,=
http://mouse.owl#MA_0000471,http://human.owl#NCI_C32898,1.0,=
http://mouse.owl#MA_0000131,http://human.owl#NCI_C33784,1.0,=
http://mouse.owl#MA_0001144,http://human.owl#NCI_C52709,1.0,=
http://mouse.owl#MA_0002423,http://human.owl#NCI_C33286,1.0,=
http://mouse.owl#MA_0000796,http://human.owl#NCI_C12299,1.0,=
http://mouse.owl#MA_0001106,http://human.owl#NCI_C12812,1.0,=
http://mouse.owl#MA_0001915,http://human.owl#NCI_C12829,1.0,=
http://mouse.owl#MA_0002041,http://human.owl#NCI_C52739,1.0,=
http://mouse.owl#MA_0001911,http://human.owl#NCI_C33452,1.0,=
http://mouse.owl#MA_0002197,http://human.owl#NCI_C33339,1.0,=
http://mouse.owl#MA_0000014,http://human.owl#NCI_C12907,1.0,=
http://mouse.owl#MA_0001906,http://human.owl#NCI_C48823,1.0,=
http://mouse.owl#MA_0001324,http://human.owl#NCI_C49261,1.0,=
http://mouse.owl#MA_0001926,http://human.owl#NCI_C32352,1.0,=
http://mouse.owl#MA_0002328,http://human.owl#NCI_C52706,1.0,=
http://mouse.owl#MA_0001680,http://human.owl#NCI_C49273,1.0,=
http://mouse.owl#MA_0002059,http://human.owl#NCI_C52734,1.0,=
http://mouse.owl#MA_0002443,http://human.owl#NCI_C12889,1.0,=
http://mouse.owl#MA_0000053,http://human.owl#NCI_C38662,1.0,=
http://mouse.owl#MA_0001629,http://human.owl#NCI_C43616,1.0,=
http://mouse.owl#MA_0002003,http://human.owl#NCI_C52975,1.0,=
http://mouse.owl#MA_0000266,http://human.owl#NCI_C12342,1.0,=
http://mouse.owl#MA_0000277,http://human.owl#NCI_C33166,1.0,=
http://mouse.owl#MA_0000114,http://human.owl#NCI_C12473,1.0,=
http://mouse.owl#MA_0002147,http://human.owl#NCI_C53049,1.0,=
http://mouse.owl#MA_0002354,http://human.owl#NCI_C33284,1.0,=
http://mouse.owl#MA_0000309,http://human.owl#NCI_C12933,1.0,=
http://mouse.owl#MA_0001927,http://human.owl#NCI_C32956,1.0,=
http://mouse.owl#MA_0001375,http://human.owl#NCI_C33541,1.0,=
http://mouse.owl#MA_0000258,http://human.owl#NCI_C12292,1.0,=
http://mouse.owl#MA_0000357,http://human.owl#NCI_C32730,1.0,=
http://mouse.owl#MA_0001989,http://human.owl#NCI_C52951,1.0,=
http://mouse.owl#MA_0001134,http://human.owl#NCI_C33859,1.0,=
http://mouse.owl#MA_0000809,http://human.owl#NCI_C13078,1.0,=
http://mouse.owl#MA_0002489,http://human.owl#NCI_C33881,1.0,=
http://mouse.owl#MA_0002364,http://human.owl#NCI_C33449,1.0,=
http://mouse.owl#MA_0000089,http://human.owl#NCI_C12775,1.0,=
http://mouse.owl#MA_0002372,http://human.owl#NCI_C52989,1.0,=
http://mouse.owl#MA_0001353,http://human.owl#NCI_C33116,1.0,=
http://mouse.owl#MA_0001309,http://human.owl#NCI_C33235,1.0,=
http://mouse.owl#MA_0001785,http://human.owl#NCI_C49277,1.0,=
http://mouse.owl#MA_0002333,http://human.owl#NCI_C53164,1.0,=
http://mouse.owl#MA_0000038,http://human.owl#NCI_C25203,1.0,=
http://mouse.owl#MA_0001657,http://human.owl#NCI_C13250,1.0,=
http://mouse.owl#MA_0001534,http://human.owl#NCI_C32833,1.0,=
http://mouse.owl#MA_0000919,http://human.owl#NCI_C12221,1.0,=
http://mouse.owl#MA_0000339,http://human.owl#NCI_C12387,1.0,=
http://mouse.owl#MA_0000438,http://human.owl#NCI_C12284,1.0,=
http://mouse.owl#MA_0002235,http://human.owl#NCI_C53142,1.0,=
http://mouse.owl#MA_0000164,http://human.owl#NCI_C12371,1.0,=
http://mouse.owl#MA_0002032,http://human.owl#NCI_C32971,1.0,=
http://mouse.owl#MA_0001833,http://human.owl#NCI_C49207,1.0,=
http://mouse.owl#MA_0000520,http://human.owl#NCI_C32040,1.0,=
http://mouse.owl#MA_0001356,http://human.owl#NCI_C12731,1.0,=
http://mouse.owl#MA_0002336,http://human.owl#NCI_C53166,1.0,=
http://mouse.owl#MA_0002375,http://human.owl#NCI_C53176,1.0,=
http://mouse.owl#MA_0001863,http://human.owl#NCI_C49306,1.0,=
http://mouse.owl#MA_0000182,http://human.owl#NCI_C12827,1.0,=
http://mouse.owl#MA_0001359,http://human.owl#NCI_C12717,1.0,=
http://mouse.owl#MA_0001313,http://human.owl#NCI_C32807,1.0,=
http://mouse.owl#MA_0002363,http://human.owl#NCI_C33441,1.0,=
http://mouse.owl#MA_0000737,http://human.owl#NCI_C32801,1.0,=
http://mouse.owl#MA_0002087,http://human.owl#NCI_C12883,1.0,=
http://mouse.owl#MA_0002469,http://human.owl#NCI_C52557,1.0,=
http://mouse.owl#MA_0001012,http://human.owl#NCI_C32337,1.0,=
http://mouse.owl#MA_0000218,http://human.owl#NCI_C12465,1.0,=
http://mouse.owl#MA_0001394,http://human.owl#NCI_C12863,1.0,=
http://mouse.owl#MA_0000887,http://human.owl#NCI_C32065,1.0,=
http://mouse.owl#MA_0000016,http://human.owl#NCI_C12755,1.0,=
http://mouse.owl#MA_0001794,http://human.owl#NCI_C12275,1.0,=
http://mouse.owl#MA_0000219,http://human.owl#NCI_C12673,1.0,=
http://mouse.owl#MA_0002670,http://human.owl#NCI_C33601,1.0,=
http://mouse.owl#MA_0001655,http://human.owl#NCI_C34006,1.0,=
http://mouse.owl#MA_0000767,http://human.owl#NCI_C33774,1.0,=
http://mouse.owl#MA_0000302,http://human.owl#NCI_C12751,1.0,=
http://mouse.owl#MA_0001979,http://human.owl#NCI_C52938,1.0,=
http://mouse.owl#MA_0001832,http://human.owl#NCI_C49208,1.0,=
http://mouse.owl#MA_0002385,http://human.owl#NCI_C53069,1.0,=
http://mouse.owl#MA_0002431,http://human.owl#NCI_C12378,1.0,=
http://mouse.owl#MA_0000949,http://human.owl#NCI_C32606,1.0,=
http://mouse.owl#MA_0001753,http://human.owl#NCI_C49270,1.0,=
http://mouse.owl#MA_0000080,http://human.owl#NCI_C12371,1.0,=
http://mouse.owl#MA_0001310,http://human.owl#NCI_C32652,1.0,=
http://mouse.owl#MA_0002093,http://human.owl#NCI_C53032,1.0,=
http://mouse.owl#MA_0000470,http://human.owl#NCI_C32742,1.0,=
http://mouse.owl#MA_0002245,http://human.owl#NCI_C33386,1.0,=
http://mouse.owl#MA_0002420,http://human.owl#NCI_C12725,1.0,=
http://mouse.owl#MA_0000071,http://human.owl#NCI_C12818,1.0,=
http://mouse.owl#MA_0001491,http://human.owl#NCI_C26470,1.0,=
http://mouse.owl#MA_0001408,http://human.owl#NCI_C52760,1.0,=
http://mouse.owl#MA_0002315,http://human.owl#NCI_C52704,1.0,=
http://mouse.owl#MA_0001651,http://human.owl#NCI_C32387,1.0,=
http://mouse.owl#MA_0000388,http://human.owl#NCI_C12598,1.0,=
http://mouse.owl#MA_0000709,http://human.owl#NCI_C13053,1.0,=
http://mouse.owl#MA_0001970,http://human.owl#NCI_C32760,1.0,=
http://mouse.owl#MA_0000442,http://human.owl#NCI_C33839,1.0,=
http://mouse.owl#MA_0000013,http://human.owl#NCI_C41165,1.0,=
http://mouse.owl#MA_0000226,http://human.owl#NCI_C12467,1.0,=
http://mouse.owl#MA_0002292,http://human.owl#NCI_C52914,1.0,=
http://mouse.owl#MA_0002026,http://human.owl#NCI_C33693,1.0,=
http://mouse.owl#MA_0002711,http://human.owl#NCI_C12735,1.0,=
http://mouse.owl#MA_0000121,http://human.owl#NCI_C12270,1.0,=
http://mouse.owl#MA_0000410,http://human.owl#NCI_C12787,1.0,=
http://mouse.owl#MA_0001380,http://human.owl#NCI_C52783,1.0,=
http://mouse.owl#MA_0001319,http://human.owl#NCI_C49328,1.0,=
http://mouse.owl#MA_0001509,http://human.owl#NCI_C32392,1.0,=
http://mouse.owl#MA_0000356,http://human.owl#NCI_C12377,1.0,=
http://mouse.owl#MA_0002559,http://human.owl#NCI_C12258,1.0,=
http://mouse.owl#MA_0000276,http://human.owl#NCI_C12343,1.0,=
http://mouse.owl#MA_0001726,http://human.owl#NCI_C33842,1.0,=
http://mouse.owl#MA_0002304,http://human.owl#NCI_C52702,1.0,=
http://mouse.owl#MA_0001388,http://human.owl#NCI_C52784,1.0,=
http://mouse.owl#MA_0001684,http://human.owl#NCI_C49324,1.0,=
http://mouse.owl#MA_0002533,http://human.owl#NCI_C13722,1.0,=
http://mouse.owl#MA_0001132,http://human.owl#NCI_C49799,1.0,=
http://mouse.owl#MA_0002065,http://human.owl#NCI_C53018,1.0,=
http://mouse.owl#MA_0001326,http://human.owl#NCI_C49262,1.0,=
http://mouse.owl#MA_0001389,http://human.owl#NCI_C52777,1.0,=
http://mouse.owl#MA_0000361,http://human.owl#NCI_C32965,1.0,=
http://mouse.owl#MA_0002285,http://human.owl#NCI_C52901,1.0,=
http://mouse.owl#MA_0001486,http://human.owl#NCI_C32906,1.0,=
http://mouse.owl#MA_0002459,http://human.owl#NCI_C32301,1.0,=
http://mouse.owl#MA_0000330,http://human.owl#NCI_C12375,1.0,=
http://mouse.owl#MA_0001536,http://human.owl#NCI_C49240,1.0,=
http://mouse.owl#MA_0000142,http://human.owl#NCI_C12433,1.0,=
http://mouse.owl#MA_0002325,http://human.owl#NCI_C32561,1.0,=
http://mouse.owl#MA_0001302,http://human.owl#NCI_C32108,1.0,=
http://mouse.owl#MA_0001251,http://human.owl#NCI_C49482,1.0,=
http://mouse.owl#MA_0002496,http://human.owl#NCI_C32992,1.0,=
http://mouse.owl#MA_0001737,http://human.owl#NCI_C13103,1.0,=
http://mouse.owl#MA_0001131,http://human.owl#NCI_C49798,1.0,=
http://mouse.owl#MA_0001934,http://human.owl#NCI_C33669,1.0,=
http://mouse.owl#MA_0000910,http://human.owl#NCI_C33893,1.0,=
http://mouse.owl#MA_0002080,http://human.owl#NCI_C52686,1.0,=
http://mouse.owl#MA_0002084,http://human.owl#NCI_C32171,1.0,=
http://mouse.owl#MA_0002389,http://human.owl#NCI_C33709,1.0,=
http://mouse.owl#MA_0001301,http://human.owl#NCI_C33641,1.0,=
http://mouse.owl#MA_0002566,http://human.owl#NCI_C13060,1.0,=
http://mouse.owl#MA_0001483,http://human.owl#NCI_C12711,1.0,=
http://mouse.owl#MA_0002499,http://human.owl#NCI_C33342,1.0,=
http://mouse.owl#MA_0001487,http://human.owl#NCI_C12290,1.0,=
http://mouse.owl#MA_0002390,http://human.owl#NCI_C33743,1.0,=
http://mouse.owl#MA_0000707,http://human.owl#NCI_C49194,1.0,=
http://mouse.owl#MA_0000298,http://human.owl#NCI_C33003,1.0,=
http://mouse.owl#MA_0000025,http://human.owl#NCI_C12671,1.0,=
http://mouse.owl#MA_0002677,http://human.owl#NCI_C33270,1.0,=
http://mouse.owl#MA_0001086,http://human.owl#NCI_C33870,1.0,=
http://mouse.owl#MA_0000328,http://human.owl#NCI_C12736,1.0,=
http://mouse.owl#MA_0002101,http://human.owl#NCI_C53043,1.0,=
http://mouse.owl#MA_0001793,http://human.owl#NCI_C12277,1.0,=
http://mouse.owl#MA_0001162,http://human.owl#NCI_C52746,1.0,=
http://mouse.owl#MA_0000208,http://human.owl#NCI_C32287,1.0,=
http://mouse.owl#MA_0001715,http://human.owl#NCI_C33896,1.0,=
http://mouse.owl#MA_0001963,http://human.owl#NCI_C32729,1.0,=
http://mouse.owl#MA_0000220,http://human.owl#NCI_C12720,1.0,=
http://mouse.owl#MA_0000590,http://human.owl#NCI_C52756,1.0,=
http://mouse.owl#MA_0001100,http://human.owl#NCI_C12806,1.0,=
http://mouse.owl#MA_0001325,http://human.owl#NCI_C33203,1.0,=
http://mouse.owl#MA_0000206,http://human.owl#NCI_C12442,1.0,=
http://mouse.owl#MA_0000896,http://human.owl#NCI_C32978,1.0,=
http://mouse.owl#MA_0001190,http://human.owl#NCI_C13179,1.0,=
http://mouse.owl#MA_0001304,http://human.owl#NCI_C32976,1.0,=
http://mouse.owl#MA_0001364,http://human.owl#NCI_C52796,1.0,=
http://mouse.owl#MA_0002085,http://human.owl#NCI_C53029,1.0,=
http://mouse.owl#MA_0001997,http://human.owl#NCI_C52968,1.0,=
http://mouse.owl#MA_0000231,http://human.owl#NCI_C12462,1.0,=
http://mouse.owl#MA_0001772,http://human.owl#NCI_C48942,1.0,=
http://mouse.owl#MA_0001762,http://human.owl#NCI_C32400,1.0,=
http://mouse.owl#MA_0002544,http://human.owl#NCI_C33718,1.0,=
http://mouse.owl#MA_0002555,http://human.owl#NCI_C12854,1.0,=
http://mouse.owl#MA_0001977,http://human.owl#NCI_C52940,1.0,=
http://mouse.owl#MA_0001094,http://human.owl#NCI_C12732,1.0,=
http://mouse.owl#MA_0001267,http://human.owl#NCI_C49581,1.0,=
http://mouse.owl#MA_0002676,http://human.owl#NCI_C33265,1.0,=
http://mouse.owl#MA_0002027,http://human.owl#NCI_C32436,1.0,=
http://mouse.owl#MA_0001409,http://human.owl#NCI_C52759,1.0,=
http://mouse.owl#MA_0000904,http://human.owl#NCI_C52713,1.0,=
http://mouse.owl#MA_0001330,http://human.owl#NCI_C12783,1.0,=
http://mouse.owl#MA_0000233,http://human.owl#NCI_C12792,1.0,=
http://mouse.owl#MA_0000154,http://human.owl#NCI_C13317,1.0,=
http://mouse.owl#MA_0000469,http://human.owl#NCI_C52843,1.0,=
http://mouse.owl#MA_0002417,http://human.owl#NCI_C49268,1.0,=
http://mouse.owl#MA_0002498,http://human.owl#NCI_C33341,1.0,=
http://mouse.owl#MA_0002317,http://human.owl#NCI_C53161,1.0,=
http://mouse.owl#MA_0001453,http://human.owl#NCI_C32138,1.0,=
http://mouse.owl#MA_0002478,http://human.owl#NCI_C12999,1.0,=
http://mouse.owl#MA_0000813,http://human.owl#NCI_C12349,1.0,=
http://mouse.owl#MA_0000773,http://human.owl#NCI_C32988,1.0,=
http://mouse.owl#MA_0000247,http://human.owl#NCI_C33844,1.0,=
http://mouse.owl#MA_0001765,http://human.owl#NCI_C49247,1.0,=
http://mouse.owl#MA_0001992,http://human.owl#NCI_C52961,1.0,=
http://mouse.owl#MA_0002587,http://human.owl#NCI_C32684,1.0,=
http://mouse.owl#MA_0000814,http://human.owl#NCI_C49331,1.0,=
http://mouse.owl#MA_0001368,http://human.owl#NCI_C52792,1.0,=
http://mouse.owl#MA_0002396,http://human.owl#NCI_C53179,1.0,=
http://mouse.owl#MA_0001220,http://human.owl#NCI_C33611,1.0,=
http://mouse.owl#MA_0002689,http://human.owl#NCI_C32928,1.0,=
http://mouse.owl#MA_0002288,http://human.owl#NCI_C32462,1.0,=
http://mouse.owl#MA_0001766,http://human.owl#NCI_C49246,1.0,=
http://mouse.owl#MA_0002512,http://human.owl#NCI_C13321,1.0,=
http://mouse.owl#MA_0002282,http://human.owl#NCI_C53151,1.0,=
http://mouse.owl#MA_0000391,http://human.owl#NCI_C12314,1.0,=
http://mouse.owl#MA_0002222,http://human.owl#NCI_C53121,1.0,=
http://mouse.owl#MA_0001745,http://human.owl#NCI_C49295,1.0,=
http://mouse.owl#MA_0000344,http://human.owl#NCI_C49595,1.0,=
http://mouse.owl#MA_0000380,http://human.owl#NCI_C12414,1.0,=
http://mouse.owl#MA_0001010,http://human.owl#NCI_C12836,1.0,=
http://mouse.owl#MA_0000641,http://human.owl#NCI_C52751,1.0,=
http://mouse.owl#MA_0000232,http://human.owl#NCI_C12462,1.0,=
http://mouse.owl#MA_0001445,http://human.owl#NCI_C33730,1.0,=
http://mouse.owl#MA_0002298,http://human.owl#NCI_C53156,1.0,=
http://mouse.owl#MA_0002334,http://human.owl#NCI_C52950,1.0,=
http://mouse.owl#MA_0002455,http://human.owl#NCI_C12875,1.0,=
http://mouse.owl#MA_0000820,http://human.owl#NCI_C49334,1.0,=
http://mouse.owl#MA_0002508,http://human.owl#NCI_C33739,1.0,=
http://mouse.owl#MA_0001559,http://human.owl#NCI_C33569,1.0,=
http://mouse.owl#MA_0002535,http://human.owl#NCI_C52551,1.0,=
http://mouse.owl#MA_0000116,http://human.owl#NCI_C12666,1.0,=
http://mouse.owl#MA_0000327,http://human.owl#NCI_C12779,1.0,=
http://mouse.owl#MA_0002404,http://human.owl#NCI_C53182,1.0,=
http://mouse.owl#MA_0001262,http://human.owl#NCI_C49564,1.0,=
http://mouse.owl#MA_0001508,http://human.owl#NCI_C49575,1.0,=
http://mouse.owl#MA_0000256,http://human.owl#NCI_C33148,1.0,=
http://mouse.owl#MA_0001439,http://human.owl#NCI_C33724,1.0,=
http://mouse.owl#MA_0001711,http://human.owl#NCI_C32676,1.0,=
http://mouse.owl#MA_0001185,http://human.owl#NCI_C33873,1.0,=
http://mouse.owl#MA_0001112,http://human.owl#NCI_C32695,1.0,=
http://mouse.owl#MA_0001999,http://human.owl#NCI_C52970,1.0,=
http://mouse.owl#MA_0001659,http://human.owl#NCI_C32683,1.0,=
http://mouse.owl#MA_0002673,http://human.owl#NCI_C38515,1.0,=
http://mouse.owl#MA_0002720,http://human.owl#NCI_C33858,1.0,=
http://mouse.owl#MA_0002669,http://human.owl#NCI_C32255,1.0,=
http://mouse.owl#MA_0000818,http://human.owl#NCI_C12356,1.0,=
http://mouse.owl#MA_0000738,http://human.owl#NCI_C53146,1.0,=
http://mouse.owl#MA_0002418,http://human.owl#NCI_C12754,1.0,=
http://mouse.owl#MA_0002675,http://human.owl#NCI_C33781,1.0,=
http://mouse.owl#MA_0002487,http://human.owl#NCI_C33603,1.0,=
http://mouse.owl#MA_0001950,http://human.owl#NCI_C32578,1.0,=
http://mouse.owl#MA_0001666,http://human.owl#NCI_C32469,1.0,=
http://mouse.owl#MA_0000085,http://human.owl#NCI_C32874,1.0,=
http://mouse.owl#MA_0000285,http://human.owl#NCI_C33160,1.0,=
http://mouse.owl#MA_0002476,http://human.owl#NCI_C12229,1.0,=
http://mouse.owl#MA_0001148,http://human.owl#NCI_C52748,1.0,=
http://mouse.owl#MA_0001867,http://human.owl#NCI_C12515,1.0,=
http://mouse.owl#MA_0000746,http://human.owl#NCI_C33035,1.0,=
http://mouse.owl#MA_0002452,http://human.owl#NCI_C33521,1.0,=
http://mouse.owl#MA_0001518,http://human.owl#NCI_C32143,1.0,=
http://mouse.owl#MA_0001365,http://human.owl#NCI_C52795,1.0,=
http://mouse.owl#MA_0001336,http://human.owl#NCI_C32765,1.0,=
http://mouse.owl#MA_0000701,http://human.owl#NCI_C49190,1.0,=
http://mouse.owl#MA_0001401,http://human.owl#NCI_C52770,1.0,=
http://mouse.owl#MA_0001420,http://human.owl#NCI_C32334,1.0,=
http://mouse.owl#MA_0002432,http://human.owl#NCI_C33199,1.0,=
http://mouse.owl#MA_0001111,http://human.owl#NCI_C12820,1.0,=
http://mouse.owl#MA_0000626,http://human.owl#NCI_C52720,1.0,=
http://mouse.owl#MA_0000269,http://human.owl#NCI_C52803,1.0,=
http://mouse.owl#MA_0000986,http://human.owl#NCI_C49232,1.0,=
http://mouse.owl#MA_0001316,http://human.owl#NCI_C33237,1.0,=
http://mouse.owl#MA_0002425,http://human.owl#NCI_C53076,1.0,=
http://mouse.owl#MA_0001068,http://human.owl#NCI_C32105,1.0,=
http://mouse.owl#MA_0000431,http://human.owl#NCI_C12763,1.0,=
http://mouse.owl#MA_0000815,http://human.owl#NCI_C49332,1.0,=
http://mouse.owl#MA_0000048,http://human.owl#NCI_C33788,1.0,=
http://mouse.owl#MA_0000437,http://human.owl#NCI_C32998,1.0,=
http://mouse.owl#MA_0002185,http://human.owl#NCI_C53057,1.0,=
http://mouse.owl#MA_0000761,http://human.owl#NCI_C33605,1.0,=
http://mouse.owl#MA_0002470,http://human.owl#NCI_C52558,1.0,=
http://mouse.owl#MA_0001371,http://human.owl#NCI_C52789,1.0,=
http://mouse.owl#MA_0002007,http://human.owl#NCI_C52981,1.0,=
http://mouse.owl#MA_0000443,http://human.owl#NCI_C12423,1.0,=
http://mouse.owl#MA_0000120,http://human.owl#NCI_C12393,1.0,=
http://mouse.owl#MA_0002684,http://human.owl#NCI_C32658,1.0,=
http://mouse.owl#MA_0000688,http://human.owl#NCI_C32223,1.0,=
http://mouse.owl#MA_0001788,http://human.owl#NCI_C49285,1.0,=
http://mouse.owl#MA_0002277,http://human.owl#NCI_C32332,1.0,=
http://mouse.owl#MA_0002672,http://human.owl#NCI_C33602,1.0,=
http://mouse.owl#MA_0002575,http://human.owl#NCI_C12826,1.0,=
http://mouse.owl#MA_0000770,http://human.owl#NCI_C33772,1.0,=
http://mouse.owl#MA_0000905,http://human.owl#NCI_C12352,1.0,=
http://mouse.owl#MA_0001284,http://human.owl#NCI_C33823,1.0,=
http://mouse.owl#MA_0002617,http://human.owl#NCI_C33101,1.0,=
http://mouse.owl#MA_0001774,http://human.owl#NCI_C33755,1.0,=
http://mouse.owl#MA_0001734,http://human.owl#NCI_C49220,1.0,=
http://mouse.owl#MA_0000007,http://human.owl#NCI_C12429,1.0,=
http://mouse.owl#MA_0002374,http://human.owl#NCI_C53006,1.0,=
http://mouse.owl#MA_0001090,http://human.owl#NCI_C12911,1.0,=
http://mouse.owl#MA_0000020,http://human.owl#NCI_C13062,1.0,=
http://mouse.owl#MA_0002567,http://human.owl#NCI_C33443,1.0,=
http://mouse.owl#MA_0000409,http://human.owl#NCI_C12785,1.0,=
http://mouse.owl#MA_0001792,http://human.owl#NCI_C12276,1.0,=
http://mouse.owl#MA_0002553,http://human.owl#NCI_C33422,1.0,=
http://mouse.owl#MA_0001098,http://human.owl#NCI_C33217,1.0,=
http://mouse.owl#MA_0001269,http://human.owl#NCI_C32315,1.0,=
http://mouse.owl#MA_0002399,http://human.owl#NCI_C33812,1.0,=
http://mouse.owl#MA_0001032,http://human.owl#NCI_C12821,1.0,=
http://mouse.owl#MA_0002551,http://human.owl#NCI_C32348,1.0,=
http://mouse.owl#MA_0001392,http://human.owl#NCI_C52774,1.0,=
http://mouse.owl#MA_0000141,http://human.owl#NCI_C12432,1.0,=
http://mouse.owl#MA_0000119,http://human.owl#NCI_C12397,1.0,=
http://mouse.owl#MA_0002674,http://human.owl#NCI_C33773,1.0,=
http://mouse.owl#MA_0000091,http://human.owl#NCI_C12730,1.0,=
http://mouse.owl#MA_0000259,http://human.owl#NCI_C32165,1.0,=
http://mouse.owl#MA_0002477,http://human.owl#NCI_C12230,1.0,=
http://mouse.owl#MA_0001524,http://human.owl#NCI_C12736,1.0,=
http://mouse.owl#MA_0001441,http://human.owl#NCI_C33726,1.0,=
http://mouse.owl#MA_0000296,http://human.owl#NCI_C32266,1.0,=
http://mouse.owl#MA_0002069,http://human.owl#NCI_C12839,1.0,=
http://mouse.owl#MA_0000135,http://human.owl#NCI_C32234,1.0,=
http://mouse.owl#MA_0002347,http://human.owl#NCI_C33191,1.0,=
http://mouse.owl#MA_0001631,http://human.owl#NCI_C12698,1.0,=
http://mouse.owl#MA_0001905,http://human.owl#NCI_C48821,1.0,=
http://mouse.owl#MA_0002088,http://human.owl#NCI_C53031,1.0,=
http://mouse.owl#MA_0002696,http://human.owl#NCI_C33573,1.0,=
http://mouse.owl#MA_0000778,http://human.owl#NCI_C32534,1.0,=
http://mouse.owl#MA_0002460,http://human.owl#NCI_C12900,1.0,=
http://mouse.owl#MA_0000185,http://human.owl#NCI_C12443,1.0,=
http://mouse.owl#MA_0001552,http://human.owl#NCI_C33565,1.0,=
http://mouse.owl#MA_0000894,http://human.owl#NCI_C12451,1.0,=
http://mouse.owl#MA_0002662,http://human.owl#NCI_C43617,1.0,=
http://mouse.owl#MA_0001660,http://human.owl#NCI_C32225,1.0,=
http://mouse.owl#MA_0001612,http://human.owl#NCI_C12257,1.0,=
http://mouse.owl#MA_0001634,http://human.owl#NCI_C49229,1.0,=
http://mouse.owl#MA_0000117,http://human.owl#NCI_C32050,1.0,=
http://mouse.owl#MA_0002616,http://human.owl#NCI_C33459,1.0,=
http://mouse.owl#MA_0000750,http://human.owl#NCI_C49258,1.0,=
http://mouse.owl#MA_0000346,http://human.owl#NCI_C12426,1.0,=
http://mouse.owl#MA_0000451,http://human.owl#NCI_C32497,1.0,=
http://mouse.owl#MA_0000425,http://human.owl#NCI_C32967,1.0,=
http://mouse.owl#MA_0002495,http://human.owl#NCI_C32202,1.0,=
http://mouse.owl#MA_0000736,http://human.owl#NCI_C32298,1.0,=
http://mouse.owl#MA_0000109,http://human.owl#NCI_C32746,1.0,=
http://mouse.owl#MA_0001242,http://human.owl#NCI_C12707,1.0,=
http://mouse.owl#MA_0001307,http://human.owl#NCI_C26463,1.0,=
http://mouse.owl#MA_0001638,http://human.owl#NCI_C32960,1.0,=
http://mouse.owl#MA_0001440,http://human.owl#NCI_C33725,1.0,=
http://mouse.owl#MA_0002090,http://human.owl#NCI_C33349,1.0,=
http://mouse.owl#MA_0000115,http://human.owl#NCI_C13045,1.0,=
http://mouse.owl#MA_0001862,http://human.owl#NCI_C33797,1.0,=
http://mouse.owl#MA_0002049,http://human.owl#NCI_C53002,1.0,=
http://mouse.owl#MA_0002480,http://human.owl#NCI_C12811,1.0,=
http://mouse.owl#MA_0002522,http://human.owl#NCI_C13277,1.0,=
http://mouse.owl#MA_0001410,http://human.owl#NCI_C52769,1.0,=
http://mouse.owl#MA_0002183,http://human.owl#NCI_C53056,1.0,=
http://mouse.owl#MA_0002438,http://human.owl#NCI_C12436,1.0,=
http://mouse.owl#MA_0001329,http://human.owl#NCI_C12695,1.0,=
http://mouse.owl#MA_0000297,http://human.owl#NCI_C33737,1.0,=
http://mouse.owl#MA_0001180,http://human.owl#NCI_C12682,1.0,=
http://mouse.owl#MA_0000297,http://human.owl#NCI_C12796,1.0,=
http://mouse.owl#MA_0002710,http://human.owl#NCI_C32419,1.0,=
http://mouse.owl#MA_0000921,http://human.owl#NCI_C12222,1.0,=
http://mouse.owl#MA_0000322,http://human.owl#NCI_C32461,1.0,=
http://mouse.owl#MA_0001622,http://human.owl#NCI_C32582,1.0,=
http://mouse.owl#MA_0002221,http://human.owl#NCI_C12794,1.0,=
http://mouse.owl#MA_0000065,http://human.owl#NCI_C32212,1.0,=
http://mouse.owl#MA_0000704,http://human.owl#NCI_C49330,1.0,=
http://mouse.owl#MA_0000538,http://human.owl#NCI_C33300,1.0,=
http://mouse.owl#MA_0001496,http://human.owl#NCI_C33888,1.0,=
http://mouse.owl#MA_0002519,http://human.owl#NCI_C32661,1.0,=
http://mouse.owl#MA_0000215,http://human.owl#NCI_C12700,1.0,=
http://mouse.owl#MA_0000180,http://human.owl#NCI_C52717,1.0,=
http://mouse.owl#MA_0001710,http://human.owl#NCI_C33400,1.0,=
http://mouse.owl#MA_0001300,http://human.owl#NCI_C32975,1.0,=
http://mouse.owl#MA_0001576,http://human.owl#NCI_C49239,1.0,=
http://mouse.owl#MA_0001366,http://human.owl#NCI_C52794,1.0,=
http://mouse.owl#MA_0001831,http://human.owl#NCI_C49210,1.0,=
http://mouse.owl#MA_0000740,http://human.owl#NCI_C33029,1.0,=
http://mouse.owl#MA_0000004,http://human.owl#NCI_C33816,1.0,=
http://mouse.owl#MA_0001444,http://human.owl#NCI_C33729,1.0,=
http://mouse.owl#MA_0002666,http://human.owl#NCI_C38670,1.0,=
http://mouse.owl#MA_0001384,http://human.owl#NCI_C52781,1.0,=
http://mouse.owl#MA_0000319,http://human.owl#NCI_C13044,1.0,=
http://mouse.owl#MA_0002127,http://human.owl#NCI_C33665,1.0,=
http://mouse.owl#MA_0002239,http://human.owl#NCI_C53140,1.0,=
http://mouse.owl#MA_0000186,http://human.owl#NCI_C49136,1.0,=
http://mouse.owl#MA_0001571,http://human.owl#NCI_C49224,1.0,=
http://mouse.owl#MA_0002444,http://human.owl#NCI_C12888,1.0,=
http://mouse.owl#MA_0002484,http://human.owl#NCI_C12668,1.0,=
http://mouse.owl#MA_0000390,http://human.owl#NCI_C12313,1.0,=
http://mouse.owl#MA_0002640,http://human.owl#NCI_C33050,1.0,=
http://mouse.owl#MA_0002314,http://human.owl#NCI_C52703,1.0,=
http://mouse.owl#MA_0000968,http://human.owl#NCI_C52710,1.0,=
http://mouse.owl#MA_0002321,http://human.owl#NCI_C32764,1.0,=
http://mouse.owl#MA_0000360,http://human.owl#NCI_C49579,1.0,=
http://mouse.owl#MA_0000459,http://human.owl#NCI_C33548,1.0,=
http://mouse.owl#MA_0001857,http://human.owl#NCI_C49304,1.0,=
http://mouse.owl#MA_0002529,http://human.owl#NCI_C33297,1.0,=
http://mouse.owl#MA_0001252,http://human.owl#NCI_C49226,1.0,=
http://mouse.owl#MA_0000152,http://human.owl#NCI_C12701,1.0,=
http://mouse.owl#MA_0002079,http://human.owl#NCI_C52685,1.0,=
http://mouse.owl#MA_0001012,http://human.owl#NCI_C12837,1.0,=
http://mouse.owl#MA_0001447,http://human.owl#NCI_C33721,1.0,=
http://mouse.owl#MA_0000223,http://human.owl#NCI_C12764,1.0,=
http://mouse.owl#MA_0002514,http://human.owl#NCI_C52555,1.0,=
http://mouse.owl#MA_0000249,http://human.owl#NCI_C33527,1.0,=
http://mouse.owl#MA_0001391,http://human.owl#NCI_C52775,1.0,=
http://mouse.owl#MA_0001883,http://human.owl#NCI_C49593,1.0,=
http://mouse.owl#MA_0000455,http://human.owl#NCI_C52835,1.0,=
http://mouse.owl#MA_0002115,http://human.owl#NCI_C32579,1.0,=
http://mouse.owl#MA_0000891,http://human.owl#NCI_C12448,1.0,=
http://mouse.owl#MA_0002019,http://human.owl#NCI_C33320,1.0,=
http://mouse.owl#MA_0000711,http://human.owl#NCI_C49215,1.0,=
http://mouse.owl#MA_0001595,http://human.owl#NCI_C32644,1.0,=
http://mouse.owl#MA_0000772,http://human.owl#NCI_C13170,1.0,=
http://mouse.owl#MA_0002098,http://human.owl#NCI_C53041,1.0,=
http://mouse.owl#MA_0001562,http://human.owl#NCI_C33572,1.0,=
http://mouse.owl#MA_0001067,http://human.owl#NCI_C33377,1.0,=
http://mouse.owl#MA_0001923,http://human.owl#NCI_C32230,1.0,=
http://mouse.owl#MA_0001558,http://human.owl#NCI_C33571,1.0,=
http://mouse.owl#MA_0002411,http://human.owl#NCI_C12957,1.0,=
http://mouse.owl#MA_0001138,http://human.owl#NCI_C52833,1.0,=
http://mouse.owl#MA_0000123,http://human.owl#NCI_C12271,1.0,=
http://mouse.owl#MA_0002330,http://human.owl#NCI_C52946,1.0,=
http://mouse.owl#MA_0000127,http://human.owl#NCI_C12608,1.0,=
http://mouse.owl#MA_0000420,http://human.owl#NCI_C12986,1.0,=
http://mouse.owl#MA_0001665,http://human.owl#NCI_C49479,1.0,=
http://mouse.owl#MA_0000892,http://human.owl#NCI_C52733,1.0,=
http://mouse.owl#MA_0002220,http://human.owl#NCI_C52697,1.0,=
http://mouse.owl#MA_0002703,http://human.owl#NCI_C33156,1.0,=
http://mouse.owl#MA_0000059,http://human.owl#NCI_C12434,1.0,=
http://mouse.owl#MA_0001308,http://human.owl#NCI_C32954,1.0,=
http://mouse.owl#MA_0002528,http://human.owl#NCI_C32513,1.0,=
http://mouse.owl#MA_0000610,http://human.owl#NCI_C52755,1.0,=
http://mouse.owl#MA_0000571,http://human.owl#NCI_C32716,1.0,=
http://mouse.owl#MA_0001931,http://human.owl#NCI_C52846,1.0,=
http://mouse.owl#MA_0002324,http://human.owl#NCI_C32824,1.0,=
http://mouse.owl#MA_0001361,http://human.owl#NCI_C12800,1.0,=
http://mouse.owl#MA_0000072,http://human.owl#NCI_C12727,1.0,=
http://mouse.owl#MA_0000756,http://human.owl#NCI_C12992,1.0,=
http://mouse.owl#MA_0000435,http://human.owl#NCI_C33012,1.0,=
http://mouse.owl#MA_0002406,http://human.owl#NCI_C12719,1.0,=
http://mouse.owl#MA_0000975,http://human.owl#NCI_C33207,1.0,=
http://mouse.owl#MA_0000087,http://human.owl#NCI_C12670,1.0,=
http://mouse.owl#MA_0000278,http://human.owl#NCI_C12760,1.0,=
http://mouse.owl#MA_0000439,http://human.owl#NCI_C33526,1.0,=
http://mouse.owl#MA_0002047,http://human.owl#NCI_C33490,1.0,=
http://mouse.owl#MA_0000347,http://human.owl#NCI_C12422,1.0,=
http://mouse.owl#MA_0001421,http://human.owl#NCI_C32159,1.0,=
http://mouse.owl#MA_0001054,http://human.owl#NCI_C33591,1.0,=
http://mouse.owl#MA_0001717,http://human.owl#NCI_C33475,1.0,=
http://mouse.owl#MA_0001289,http://human.owl#NCI_C33586,1.0,=
http://mouse.owl#MA_0001105,http://human.owl#NCI_C12808,1.0,=
http://mouse.owl#MA_0002400,http://human.owl#NCI_C53181,1.0,=
http://mouse.owl#MA_0002518,http://human.owl#NCI_C33256,1.0,=
http://mouse.owl#MA_0001685,http://human.owl#NCI_C49327,1.0,=
http://mouse.owl#MA_0002216,http://human.owl#NCI_C33004,1.0,=
http://mouse.owl#MA_0000370,http://human.owl#NCI_C12885,1.0,=
http://mouse.owl#MA_0000159,http://human.owl#NCI_C33543,1.0,=
http://mouse.owl#MA_0000096,http://human.owl#NCI_C33430,1.0,=
http://mouse.owl#MA_0002492,http://human.owl#NCI_C12331,1.0,=
http://mouse.owl#MA_0000665,http://human.owl#NCI_C12297,1.0,=
http://mouse.owl#MA_0002275,http://human.owl#NCI_C52893,1.0,=
http://mouse.owl#MA_0002370,http://human.owl#NCI_C52986,1.0,=
http://mouse.owl#MA_0001395,http://human.owl#NCI_C52786,1.0,=
http://mouse.owl#MA_0001422,http://human.owl#NCI_C32240,1.0,=
http://mouse.owl#MA_0001966,http://human.owl#NCI_C52743,1.0,=
http://mouse.owl#MA_0001949,http://human.owl#NCI_C52855,1.0,=
http://mouse.owl#MA_0002538,http://human.owl#NCI_C13276,1.0,=
http://mouse.owl#MA_0002394,http://human.owl#NCI_C53078,1.0,=
http://mouse.owl#MA_0001900,http://human.owl#NCI_C33103,1.0,=
http://mouse.owl#MA_0002525,http://human.owl#NCI_C52553,1.0,=
http://mouse.owl#MA_0002556,http://human.owl#NCI_C12786,1.0,=
http://mouse.owl#MA_0000145,http://human.owl#NCI_C12367,1.0,=
http://mouse.owl#MA_0001904,http://human.owl#NCI_C12702,1.0,=
http://mouse.owl#MA_0002177,http://human.owl#NCI_C53055,1.0,=
http://mouse.owl#MA_0002008,http://human.owl#NCI_C33190,1.0,=
http://mouse.owl#MA_0000311,http://human.owl#NCI_C12693,1.0,=
http://mouse.owl#MA_0002036,http://human.owl#NCI_C52741,1.0,=
http://mouse.owl#MA_0000353,http://human.owl#NCI_C12391,1.0,=
http://mouse.owl#MA_0000022,http://human.owl#NCI_C12799,1.0,=
http://mouse.owl#MA_0000465,http://human.owl#NCI_C52839,1.0,=
http://mouse.owl#MA_0000389,http://human.owl#NCI_C12405,1.0,=
http://mouse.owl#MA_0001430,http://human.owl#NCI_C32901,1.0,=
http://mouse.owl#MA_0000727,http://human.owl#NCI_C32887,1.0,=
http://mouse.owl#MA_0001908,http://human.owl#NCI_C48822,1.0,=